frame,index,packing
1.0,0.0,0.5541938997821351
1.0,1.0,0.4502239167271847
1.0,2.0,0.4399661099007504
1.0,3.0,0.48729121278140886
1.0,4.0,0.5068687969014767
1.0,5.0,0.4739469862018882
1.0,6.0,0.4139433551198257
1.0,7.0,0.4450496247881869
1.0,8.0,0.466442749939482
1.0,9.0,0.4393306705398209
2.0,0.0,0.5512890341321713
2.0,1.0,0.444837811667877
2.0,2.0,0.4418724279835391
2.0,3.0,0.48493100944081335
2.0,4.0,0.5061123214717986
2.0,5.0,0.4734628419268942
2.0,6.0,0.42023723069474705
2.0,7.0,0.44750060518034374
2.0,8.0,0.46486928104575165
2.0,9.0,0.44220527717259744
3.0,0.0,0.5283829581215203
3.0,1.0,0.43960300169450495
3.0,2.0,0.4427499394819656
3.0,3.0,0.48629266521423387
3.0,4.0,0.507958121520213
3.0,5.0,0.478637133865892
3.0,6.0,0.42513919147906076
3.0,7.0,0.45073832001936576
3.0,8.0,0.4643851367707577
3.0,9.0,0.4445049624788187
4.0,0.0,0.5456911159525538
4.0,1.0,0.44386952311788913
4.0,2.0,0.4399661099007504
4.0,3.0,0.48066448801742917
4.0,4.0,0.5055374001452433
4.0,5.0,0.4747942386831276
4.0,6.0,0.4208726700556766
4.0,7.0,0.4487109658678286
4.0,8.0,0.4649297990801259
4.0,9.0,0.44647179859598163
5.0,0.0,0.5281408859840232
5.0,1.0,0.4513132413459211
5.0,2.0,0.44087388041636405
5.0,3.0,0.48338779956427014
5.0,4.0,0.5066569837811667
5.0,5.0,0.476882110869039
5.0,6.0,0.42232510288065844
5.0,7.0,0.4504962478818688
5.0,8.0,0.46638223190510775
5.0,9.0,0.44559428709755505
6.0,0.0,0.529320987654321
6.0,1.0,0.4593923989348826
6.0,2.0,0.4437787460663278
6.0,3.0,0.485082304526749
6.0,4.0,0.5090474461389494
6.0,5.0,0.479121278140886
6.0,6.0,0.4243524570321956
6.0,7.0,0.44949770031469377
6.0,8.0,0.46610990075042363
6.0,9.0,0.44777293633502785
7.0,0.0,0.5283829581215203
7.0,1.0,0.4611171629145485
7.0,2.0,0.446562575647543
7.0,3.0,0.4908617768094892
7.0,4.0,0.5121338658920358
7.0,5.0,0.48217743887678527
7.0,6.0,0.42595618494311305
7.0,7.0,0.44986080852093924
7.0,8.0,0.46353788428951825
7.0,9.0,0.4491345921084483
8.0,0.0,0.5288671023965141
8.0,1.0,0.4612987170176713
8.0,2.0,0.44193294601791333
8.0,3.0,0.4914366981360445
8.0,4.0,0.5097736625514403
8.0,5.0,0.4819051077221012
8.0,6.0,0.42447349310094407
8.0,7.0,0.446320503510046
8.0,8.0,0.46075405470830305
8.0,9.0,0.44792423142096344
9.0,0.0,0.5284132171387074
9.0,1.0,0.46269063180827885
9.0,2.0,0.4374243524570322
9.0,3.0,0.48574800290486564
9.0,4.0,0.5006051803437425
9.0,5.0,0.48087630113773905
9.0,6.0,0.41981360445412735
9.0,7.0,0.4425683853788429
9.0,8.0,0.4606330186395546
9.0,9.0,0.4422657952069717
10.0,0.0,0.5248123940934398
10.0,1.0,0.4598462841926894
10.0,2.0,0.4360929557007988
10.0,3.0,0.4834483175986444
10.0,4.0,0.49630839990317116
10.0,5.0,0.4794238683127572
10.0,6.0,0.41660614863229245
10.0,7.0,0.4438090050835149
10.0,8.0,0.45545872670055676
10.0,9.0,0.4425078673444687
11.0,0.0,0.5151295085935609
11.0,1.0,0.4534313725490196
11.0,2.0,0.4311909949164851
11.0,3.0,0.48072500605180346
11.0,4.0,0.4914366981360445
11.0,5.0,0.47751755022996856
11.0,6.0,0.4130053255870249
11.0,7.0,0.4434156378600823
11.0,8.0,0.45436940208182036
11.0,9.0,0.45073832001936576
12.0,0.0,0.5109537642217381
12.0,1.0,0.44834785766158314
12.0,2.0,0.42985959816025177
12.0,3.0,0.47600459937061246
12.0,4.0,0.4862624061970467
12.0,5.0,0.47533890099249576
12.0,6.0,0.4100096828854999
12.0,7.0,0.4416606148632292
12.0,8.0,0.4470164609053498
12.0,9.0,0.43763616557734203
13.0,0.0,0.5063241345921085
13.0,1.0,0.44389978213507625
13.0,2.0,0.42722706366497215
13.0,3.0,0.47515734688937306
13.0,4.0,0.48659525538610504
13.0,5.0,0.47618615347373516
13.0,6.0,0.4117344468651658
13.0,7.0,0.4398148148148148
13.0,8.0,0.44474703461631565
13.0,9.0,0.43818082788671026
14.0,0.0,0.527838295812152
14.0,1.0,0.4448680706850642
14.0,2.0,0.42622851609779716
14.0,3.0,0.47194989106753815
14.0,4.0,0.4854454127329944
14.0,5.0,0.47379569111595254
14.0,6.0,0.4128237714839022
14.0,7.0,0.44045025417574435
14.0,8.0,0.4399358508835633
14.0,9.0,0.43724279835390945
15.0,0.0,0.5020878721859114
15.0,1.0,0.4412067296054224
15.0,2.0,0.4215686274509804
15.0,3.0,0.4716170418784798
15.0,4.0,0.48586903897361416
15.0,5.0,0.47434035342532077
15.0,6.0,0.41082667634955217
15.0,7.0,0.4398148148148148
15.0,8.0,0.44126724763979663
15.0,9.0,0.44961873638344224
16.0,0.0,0.5032074558218349
16.0,1.0,0.44350641491164366
16.0,2.0,0.42320261437908496
16.0,3.0,0.4730694747034616
16.0,4.0,0.4852941176470588
16.0,5.0,0.47491527475187606
16.0,6.0,0.4117041878479787
16.0,7.0,0.4388162672476398
16.0,8.0,0.4402384410554345
16.0,9.0,0.4540062938755749
17.0,0.0,0.5020273541515372
17.0,1.0,0.44541273299443235
17.0,2.0,0.42526022754780923
17.0,3.0,0.4717380779472283
17.0,4.0,0.4869583635923505
17.0,5.0,0.4790607601065117
17.0,6.0,0.4122488501573469
17.0,7.0,0.43805979181796173
17.0,8.0,0.4385439360929557
17.0,9.0,0.45654805131929316
18.0,0.0,0.5026325344952796
18.0,1.0,0.4486807068506415
18.0,2.0,0.42804405712902444
18.0,3.0,0.47210118615347374
18.0,4.0,0.48713991769547327
18.0,5.0,0.4834483175986444
18.0,6.0,0.4134894698620189
18.0,7.0,0.43721253933672233
18.0,8.0,0.4364863229242314
18.0,9.0,0.4467441297506657
19.0,0.0,0.500484144274994
19.0,1.0,0.45249334301621885
19.0,2.0,0.4333696441539579
19.0,3.0,0.47424957637375936
19.0,4.0,0.49134592108448316
19.0,5.0,0.49004478334543694
19.0,6.0,0.41699951585572503
19.0,7.0,0.43857419511014284
19.0,8.0,0.4390583393851368
19.0,9.0,0.4455035100459937
20.0,0.0,0.5225429678044057
20.0,1.0,0.45945291696925683
20.0,2.0,0.4367283950617284
20.0,3.0,0.4745824255628177
20.0,4.0,0.4912551440329218
20.0,5.0,0.4915274751876059
20.0,6.0,0.42066085693536676
20.0,7.0,0.4427196804647785
20.0,8.0,0.4365468409586057
20.0,9.0,0.44647179859598163
21.0,0.0,0.5008472524812394
21.0,1.0,0.46356814330670537
21.0,2.0,0.4390583393851368
21.0,3.0,0.477124183006536
21.0,4.0,0.4970951343500363
21.0,5.0,0.4955519244734931
21.0,6.0,0.42190147664003874
21.0,7.0,0.443597191963205
21.0,8.0,0.4399661099007504
21.0,9.0,0.45010288065843623
22.0,0.0,0.4986988622609538
22.0,1.0,0.4677136286613411
22.0,2.0,0.4408133623819898
22.0,3.0,0.4770939239893488
22.0,4.0,0.4997276688453159
22.0,5.0,0.49588477366255146
22.0,6.0,0.4228092471556524
22.0,7.0,0.44713749697409827
22.0,8.0,0.4435669329460179
22.0,9.0,0.4521907528443476
23.0,0.0,0.5001815541031227
23.0,1.0,0.4705579762769305
23.0,2.0,0.44417211328976036
23.0,3.0,0.47742677317840715
23.0,4.0,0.5001815541031227
23.0,5.0,0.49661099007504234
23.0,6.0,0.4248063422900024
23.0,7.0,0.4517368675865408
23.0,8.0,0.4476519002662794
23.0,9.0,0.45306826434277414
24.0,0.0,0.4998184458968773
24.0,1.0,0.4720709271362866
24.0,2.0,0.4489227789881385
24.0,3.0,0.47782014040183973
24.0,4.0,0.5015129508593561
24.0,5.0,0.4970346163156621
24.0,6.0,0.4315843621399177
24.0,7.0,0.45545872670055676
24.0,8.0,0.4481057855240862
24.0,9.0,0.4542483660130719
25.0,0.0,0.4972464294359719
25.0,1.0,0.47464294359719195
25.0,2.0,0.4519486807068506
25.0,3.0,0.4777898813846526
25.0,4.0,0.5038126361655774
25.0,5.0,0.496520213023481
25.0,6.0,0.43430767368675866
25.0,7.0,0.4560336480271121
25.0,8.0,0.4506475429678044
25.0,9.0,0.4559428709755507
26.0,0.0,0.49491648511256353
26.0,1.0,0.4750060518034374
26.0,2.0,0.4549140643911886
26.0,3.0,0.4773662551440329
26.0,4.0,0.5036613410796418
26.0,5.0,0.49730694747034615
26.0,6.0,0.43960300169450495
26.0,7.0,0.4583030743161462
26.0,8.0,0.4523723069474703
26.0,9.0,0.4578491890583394
27.0,0.0,0.49219317356572256
27.0,1.0,0.47573226821592834
27.0,2.0,0.4563967562333575
27.0,3.0,0.47685185185185186
27.0,4.0,0.5035403050108932
27.0,5.0,0.4959755507141128
27.0,6.0,0.4419026870007262
27.0,7.0,0.4591200677801985
27.0,8.0,0.4538549987896393
27.0,9.0,0.45803074316146214
28.0,0.0,0.48980271120793994
28.0,1.0,0.4790607601065117
28.0,2.0,0.4625998547567175
28.0,3.0,0.4800895666908739
28.0,4.0,0.5078673444686517
28.0,5.0,0.49939481965625754
28.0,6.0,0.4513132413459211
28.0,7.0,0.4625695957395304
28.0,8.0,0.4553679496489954
28.0,9.0,0.4610869038973614
29.0,0.0,0.4852638586298717
29.0,1.0,0.4772149600580973
29.0,2.0,0.4634168482207698
29.0,3.0,0.4792423142096345
29.0,4.0,0.5082909707092713
29.0,5.0,0.5005749213265553
29.0,6.0,0.45518639554587265
29.0,7.0,0.4613592350520455
29.0,8.0,0.4545509561849431
29.0,9.0,0.46114742193173563
30.0,0.0,0.4794238683127572
30.0,1.0,0.4799080125877512
30.0,2.0,0.4636589203582668
30.0,3.0,0.47975671750181553
30.0,4.0,0.5067477608327281
30.0,5.0,0.49948559670781895
30.0,6.0,0.4556402808036795
30.0,7.0,0.45715323166303556
30.0,8.0,0.4543088840474461
30.0,9.0,0.45793996610990073
31.0,0.0,0.4749455337690632
31.0,1.0,0.4826615831517792
31.0,2.0,0.4624183006535948
31.0,3.0,0.48199588477366256
31.0,4.0,0.5060820624546115
31.0,5.0,0.5015129508593561
31.0,6.0,0.4593621399176955
31.0,7.0,0.455761316872428
31.0,8.0,0.4535826676349552
31.0,9.0,0.4581820382473977
32.0,0.0,0.46952916969256836
32.0,1.0,0.48835027838295814
32.0,2.0,0.4619038973614137
32.0,3.0,0.48559670781893005
32.0,4.0,0.5059912854030502
32.0,5.0,0.5034495279593318
32.0,6.0,0.4632352941176471
32.0,7.0,0.4541273299443234
32.0,8.0,0.45570079883805376
32.0,9.0,0.45803074316146214
33.0,0.0,0.4656560154926168
33.0,1.0,0.4912551440329218
33.0,2.0,0.46253933672234326
33.0,3.0,0.48586903897361416
33.0,4.0,0.50620309852336
33.0,5.0,0.5046296296296297
33.0,6.0,0.4638707334785766
33.0,7.0,0.45252360203340597
33.0,8.0,0.45436940208182036
33.0,9.0,0.4600580973129993
34.0,0.0,0.4595739530380053
34.0,1.0,0.4959755507141128
34.0,2.0,0.4604514645364319
34.0,3.0,0.4843863471314452
34.0,4.0,0.5085330428467684
34.0,5.0,0.4986080852093924
34.0,6.0,0.4688634713144517
34.0,7.0,0.45052650689905593
34.0,8.0,0.45530743161462117
34.0,9.0,0.4581215202130235
35.0,0.0,0.45557976276930523
35.0,1.0,0.4991224885015735
35.0,2.0,0.46042120551924476
35.0,3.0,0.4846284192689421
35.0,4.0,0.5103788428951828
35.0,5.0,0.49842653110626967
35.0,6.0,0.47231299927378356
35.0,7.0,0.4488320019365771
35.0,8.0,0.4550956184943113
35.0,9.0,0.45778867102396514
36.0,0.0,0.45225127087872186
36.0,1.0,0.5005446623093682
36.0,2.0,0.4606632776567417
36.0,3.0,0.4838719438392641
36.0,4.0,0.5085027838295813
36.0,5.0,0.4966715081094166
36.0,6.0,0.4730089566690874
36.0,7.0,0.4521302348099734
36.0,8.0,0.45306826434277414
36.0,9.0,0.45694141854272574
37.0,0.0,0.44880174291938996
37.0,1.0,0.5035100459937061
37.0,2.0,0.4610869038973614
37.0,3.0,0.48659525538610504
37.0,4.0,0.5099249576373759
37.0,5.0,0.49691358024691357
37.0,6.0,0.4767005567659162
37.0,7.0,0.4567901234567901
37.0,8.0,0.4538852578068264
37.0,9.0,0.4586964415395788
38.0,0.0,0.44456548051319295
38.0,1.0,0.5049927378358751
38.0,2.0,0.4647482449770031
38.0,3.0,0.4844468651658194
38.0,4.0,0.5109537642217381
38.0,5.0,0.49948559670781895
38.0,6.0,0.4790607601065117
38.0,7.0,0.4606330186395546
38.0,8.0,0.45488380537400147
38.0,9.0,0.4574255628177197
39.0,0.0,0.4382413459210845
39.0,1.0,0.5052348099733721
39.0,2.0,0.4662309368191721
39.0,3.0,0.48323650447833455
39.0,4.0,0.5070503510045994
39.0,5.0,0.5038428951827645
39.0,6.0,0.4797264584846284
39.0,7.0,0.4601186153473735
39.0,8.0,0.4562454611474219
39.0,9.0,0.45990680222706365
40.0,0.0,0.43454974582425565
40.0,1.0,0.5028443476155895
40.0,2.0,0.4660796417332365
40.0,3.0,0.48235899297990803
40.0,4.0,0.5045691115952554
40.0,5.0,0.5025114984265311
40.0,6.0,0.48021060275962235
40.0,7.0,0.46226700556765915
40.0,8.0,0.454520697167756
40.0,9.0,0.46078431372549017
41.0,0.0,0.42955700798838053
41.0,1.0,0.5011195836359235
41.0,2.0,0.4711934156378601
41.0,3.0,0.48369038973614137
41.0,4.0,0.5019063180827886
41.0,5.0,0.5023299443234084
41.0,6.0,0.48154199951585575
41.0,7.0,0.46547446138949405
41.0,8.0,0.4549140643911886
41.0,9.0,0.46223674655047203
42.0,0.0,0.42447349310094407
42.0,1.0,0.4961571048172355
42.0,2.0,0.4724642943597192
42.0,3.0,0.48707939966109903
42.0,4.0,0.5020878721859114
42.0,5.0,0.5061123214717986
42.0,6.0,0.48241951101428227
42.0,7.0,0.4672900024207214
42.0,8.0,0.45485354635681435
42.0,9.0,0.4610566448801743
43.0,0.0,0.41848220769789396
43.0,1.0,0.49391793754538854
43.0,2.0,0.47549019607843135
43.0,3.0,0.4855361897845558
43.0,4.0,0.496762285160978
43.0,5.0,0.5042967804405712
43.0,6.0,0.4844468651658194
43.0,7.0,0.4677741466957153
43.0,8.0,0.4540970709271363
43.0,9.0,0.4582728152989591
44.0,0.0,0.4139433551198257
44.0,1.0,0.4918905833938514
44.0,2.0,0.4752178649237473
44.0,3.0,0.48880416364076495
44.0,4.0,0.4971859114015977
44.0,5.0,0.5046296296296297
44.0,6.0,0.4859295570079884
44.0,7.0,0.46659404502541757
44.0,8.0,0.45567053982086664
44.0,9.0,0.45666908738804163
45.0,0.0,0.4104938271604938
45.0,1.0,0.4901053013798112
45.0,2.0,0.47167755991285404
45.0,3.0,0.4913761801016703
45.0,4.0,0.4941600096828855
45.0,5.0,0.49969740982812877
45.0,6.0,0.4893488259501331
45.0,7.0,0.4656257564754297
45.0,8.0,0.4583333333333333
45.0,9.0,0.45155531348341804
46.0,0.0,0.409041394335512
46.0,1.0,0.4877450980392157
46.0,2.0,0.47213144517066086
46.0,3.0,0.49382716049382713
46.0,4.0,0.4936153473735173
46.0,5.0,0.4976700556765916
46.0,6.0,0.4901658194141854
46.0,7.0,0.46547446138949405
46.0,8.0,0.4574860808520939
46.0,9.0,0.44992132655531347
47.0,0.0,0.4048959089808763
47.0,1.0,0.4878963931251513
47.0,2.0,0.4718288549987896
47.0,3.0,0.49255628177196803
47.0,4.0,0.4905894456548051
47.0,5.0,0.4982752360203341
47.0,6.0,0.4916182522391673
47.0,7.0,0.46320503510045996
47.0,8.0,0.45839385136770755
47.0,9.0,0.4481360445412733
48.0,0.0,0.4023541515371581
48.0,1.0,0.47975671750181553
48.0,2.0,0.474400871459695
48.0,3.0,0.4903776325344953
48.0,4.0,0.484598160251755
48.0,5.0,0.4997881868796901
48.0,6.0,0.4878661341079642
48.0,7.0,0.4600580973129993
48.0,8.0,0.4572742677317841
48.0,9.0,0.44756112321471797
49.0,0.0,0.4001755022996853
49.0,1.0,0.47352335996126843
49.0,2.0,0.47506656983781165
49.0,3.0,0.4869583635923505
49.0,4.0,0.4835390946502058
49.0,5.0,0.5002420721374969
49.0,6.0,0.48535463568143306
49.0,7.0,0.46157104817235534
49.0,8.0,0.4514947954490438
49.0,9.0,0.4491345921084483
50.0,0.0,0.39730089566690874
50.0,1.0,0.4681675139191479
50.0,2.0,0.4787279109174534
50.0,3.0,0.4890462357782619
50.0,4.0,0.4796961994674413
50.0,5.0,0.49966715081094165
50.0,6.0,0.4833272815298959
50.0,7.0,0.460239651416122
50.0,8.0,0.4504357298474945
50.0,9.0,0.44834785766158314
51.0,0.0,0.3955458726700557
51.0,1.0,0.4636589203582668
51.0,2.0,0.47896998305495037
51.0,3.0,0.48813846526264826
51.0,4.0,0.47461268458000483
51.0,5.0,0.49588477366255146
51.0,6.0,0.4801500847252481
51.0,7.0,0.4569111595255386
51.0,8.0,0.4457153231663036
51.0,9.0,0.4470164609053498
52.0,0.0,0.39370007262164125
52.0,1.0,0.46123819898329704
52.0,2.0,0.4765190026627935
52.0,3.0,0.4867465504720407
52.0,4.0,0.4727366255144033
52.0,5.0,0.4947046719922537
52.0,6.0,0.4758533042846768
52.0,7.0,0.4544904381505689
52.0,8.0,0.4444444444444444
52.0,9.0,0.44414185427257324
53.0,0.0,0.39006899055918665
53.0,1.0,0.45352214960058096
53.0,2.0,0.4747942386831276
53.0,3.0,0.488077947228274
53.0,4.0,0.4692265795206972
53.0,5.0,0.4941600096828855
53.0,6.0,0.4715867828612927
53.0,7.0,0.4546719922536916
53.0,8.0,0.43987533284918906
53.0,9.0,0.44432340837569595
54.0,0.0,0.3908557250060518
54.0,1.0,0.4484991527475188
54.0,2.0,0.47297869765190026
54.0,3.0,0.4869583635923505
54.0,4.0,0.4692870975550714
54.0,5.0,0.49134592108448316
54.0,6.0,0.4674715565238441
54.0,7.0,0.4525841200677802
54.0,8.0,0.437121762285161
54.0,9.0,0.4422960542241588
55.0,0.0,0.39088598402323893
55.0,1.0,0.44362745098039214
55.0,2.0,0.4691358024691358
55.0,3.0,0.48559670781893005
55.0,4.0,0.4681372549019608
55.0,5.0,0.4933732752360203
55.0,6.0,0.4651718712176229
55.0,7.0,0.4528564512224643
55.0,8.0,0.4322500605180344
55.0,9.0,0.44087388041636405
56.0,0.0,0.39025054466230935
56.0,1.0,0.4389675623335754
56.0,2.0,0.46505083514887435
56.0,3.0,0.48362987170176713
56.0,4.0,0.4688634713144517
56.0,5.0,0.4921023965141612
56.0,6.0,0.4653534253207456
56.0,7.0,0.4513435003631082
56.0,8.0,0.4273178407165335
56.0,9.0,0.4426894214475914
57.0,0.0,0.3891007020091987
57.0,1.0,0.43902808036794966
57.0,2.0,0.4621459694989107
57.0,3.0,0.48133018639554587
57.0,4.0,0.47019486807068506
57.0,5.0,0.4882595013313968
57.0,6.0,0.4643851367707577
57.0,7.0,0.4491345921084483
57.0,8.0,0.4243524570321956
57.0,9.0,0.4414488017429194
58.0,0.0,0.38773904623577826
58.0,1.0,0.4332788671023965
58.0,2.0,0.45778867102396514
58.0,3.0,0.4820866618252239
58.0,4.0,0.46907528443476154
58.0,5.0,0.48641370128298234
58.0,6.0,0.4634168482207698
58.0,7.0,0.44501936577099976
58.0,8.0,0.4241709029290729
58.0,9.0,0.4431130476882111
59.0,0.0,0.38704308884047445
59.0,1.0,0.43004115226337447
59.0,2.0,0.4535524086177681
59.0,3.0,0.48323650447833455
59.0,4.0,0.4725853304284677
59.0,5.0,0.48260106511740497
59.0,6.0,0.4642641007020092
59.0,7.0,0.4421145001210361
59.0,8.0,0.4279532800774631
59.0,9.0,0.4382110869038974
60.0,0.0,0.3852578068264343
60.0,1.0,0.4273783587509078
60.0,2.0,0.4474098281287824
60.0,3.0,0.48393246187363836
60.0,4.0,0.4747942386831276
60.0,5.0,0.48021060275962235
60.0,6.0,0.4689845073832002
60.0,7.0,0.43917937545388525
60.0,8.0,0.43085814572742676
60.0,9.0,0.43470104091019124
61.0,0.0,0.3874061970467199
61.0,1.0,0.42063059791817964
61.0,2.0,0.44069232631324134
61.0,3.0,0.48045267489711935
61.0,4.0,0.47558097312999276
61.0,5.0,0.47812273057371096
61.0,6.0,0.47240377632534497
61.0,7.0,0.4299503752118131
61.0,8.0,0.43497337206487535
61.0,9.0,0.4333091261195836
62.0,0.0,0.3867707576857904
62.0,1.0,0.41790728637133867
62.0,2.0,0.4362745098039216
62.0,3.0,0.48005930767368676
62.0,4.0,0.4792725732268216
62.0,5.0,0.4784555797627693
62.0,6.0,0.47918179617526024
62.0,7.0,0.4267126603727911
62.0,8.0,0.4362745098039216
62.0,9.0,0.43215928346647303
63.0,0.0,0.3890704429920116
63.0,1.0,0.4141249092229484
63.0,2.0,0.43451948680706853
63.0,3.0,0.48018034374243523
63.0,4.0,0.47682159283466474
63.0,5.0,0.47933309126119583
63.0,6.0,0.47836480271120796
63.0,7.0,0.4327039457758412
63.0,8.0,0.437878237714839
63.0,9.0,0.43512466715081094
64.0,0.0,0.39258048898571773
64.0,1.0,0.410039941902687
64.0,2.0,0.42982933914306465
64.0,3.0,0.4771847010409102
64.0,4.0,0.47812273057371096
64.0,5.0,0.47960542241587995
64.0,6.0,0.4792725732268216
64.0,7.0,0.4354877753570564
64.0,8.0,0.44041999515855723
64.0,9.0,0.43751512950859356
65.0,0.0,0.39242919389978215
65.0,1.0,0.40592471556523846
65.0,2.0,0.42595618494311305
65.0,3.0,0.4773662551440329
65.0,4.0,0.4773359961268458
65.0,5.0,0.47639796659404504
65.0,6.0,0.4767610748002905
65.0,7.0,0.43945170660856936
65.0,8.0,0.4452311788913096
65.0,9.0,0.437121762285161
66.0,0.0,0.3954550956184943
66.0,1.0,0.40371580731057854
66.0,2.0,0.42057007988380535
66.0,3.0,0.472918179617526
66.0,4.0,0.47506656983781165
66.0,5.0,0.47812273057371096
66.0,6.0,0.4765190026627935
66.0,7.0,0.44262890341321715
66.0,8.0,0.44284071653352697
66.0,9.0,0.4396635197288792
67.0,0.0,0.3958484628419269
67.0,1.0,0.3994795449043815
67.0,2.0,0.41633381747760834
67.0,3.0,0.4689845073832002
67.0,4.0,0.4726155894456548
67.0,5.0,0.4794541273299443
67.0,6.0,0.4758230452674897
67.0,7.0,0.4426894214475914
67.0,8.0,0.44362745098039214
67.0,9.0,0.4446259985475672
68.0,0.0,0.3968470104091019
68.0,1.0,0.3933672234325829
68.0,2.0,0.41524449285887194
68.0,3.0,0.4674715565238441
68.0,4.0,0.4730694747034616
68.0,5.0,0.47782014040183973
68.0,6.0,0.4769426289034132
68.0,7.0,0.4425381263616558
68.0,8.0,0.44625998547567175
68.0,9.0,0.4468046477850399
69.0,0.0,0.39996368917937547
69.0,1.0,0.3891914790607601
69.0,2.0,0.41527475187605906
69.0,3.0,0.4628721859114016
69.0,4.0,0.47555071411280564
69.0,5.0,0.4807855240861777
69.0,6.0,0.47576252723311546
69.0,7.0,0.4421750181554103
69.0,8.0,0.4480150084725248
69.0,9.0,0.4496489954006294
70.0,0.0,0.39954006293875577
70.0,1.0,0.38559065601549264
70.0,2.0,0.4130658436213992
70.0,3.0,0.4535826676349552
70.0,4.0,0.4690147664003873
70.0,5.0,0.4854756717501816
70.0,6.0,0.47639796659404504
70.0,7.0,0.4400871459694989
70.0,8.0,0.4470164609053498
70.0,9.0,0.4503449527959332
71.0,0.0,0.4015371580731058
71.0,1.0,0.3842290002420721
71.0,2.0,0.4117041878479787
71.0,3.0,0.44604817235536187
71.0,4.0,0.4671084483175986
71.0,5.0,0.4867465504720407
71.0,6.0,0.47642822561123216
71.0,7.0,0.4426894214475914
71.0,8.0,0.44862018881626725
71.0,9.0,0.4472585330428468
72.0,0.0,0.4004478334543694
72.0,1.0,0.3781771968046478
72.0,2.0,0.4121278140885984
72.0,3.0,0.4367586540789155
72.0,4.0,0.46417332365044783
72.0,5.0,0.48756354393609297
72.0,6.0,0.4788489469862019
72.0,7.0,0.4437787460663278
72.0,8.0,0.44692568385378845
72.0,9.0,0.44795449043815055
73.0,0.0,0.3989651416122004
73.0,1.0,0.37251876059065603
73.0,2.0,0.42362624061970466
73.0,3.0,0.4365468409586057
73.0,4.0,0.4606935366739288
73.0,5.0,0.49503752118131206
73.0,6.0,0.4863834422657952
73.0,7.0,0.45125272331154687
73.0,8.0,0.4556402808036795
73.0,9.0,0.4453522149600581
74.0,0.0,0.39624183006535946
74.0,1.0,0.3723674655047204
74.0,2.0,0.41161341079641733
74.0,3.0,0.4212962962962963
74.0,4.0,0.4562454611474219
74.0,5.0,0.48856209150326796
74.0,6.0,0.48384168482207696
74.0,7.0,0.4429617526022755
74.0,8.0,0.4540970709271363
74.0,9.0,0.44093439845073834
75.0,0.0,0.3895545872670056
75.0,1.0,0.373759380295328
75.0,2.0,0.4090716533526991
75.0,3.0,0.4188453159041394
75.0,4.0,0.45518639554587265
75.0,5.0,0.48940934398450736
75.0,6.0,0.4876240619704672
75.0,7.0,0.4398148148148148
75.0,8.0,0.45824255628177196
75.0,9.0,0.43793875574921326
76.0,0.0,0.38831396756233355
76.0,1.0,0.3715807310578552
76.0,2.0,0.4079520697167756
76.0,3.0,0.41654563059791816
76.0,4.0,0.4537944807552651
76.0,5.0,0.48629266521423387
76.0,6.0,0.489560639070443
76.0,7.0,0.4341866376180102
76.0,8.0,0.457244008714597
76.0,9.0,0.435881142580489
77.0,0.0,0.38507625272331153
77.0,1.0,0.3698559670781893
77.0,2.0,0.4015068990559187
77.0,3.0,0.41403413217138707
77.0,4.0,0.45331033648027114
77.0,5.0,0.48260106511740497
77.0,6.0,0.4880476882110869
77.0,7.0,0.4308884047446139
77.0,8.0,0.45697167755991286
77.0,9.0,0.433399903171145
78.0,0.0,0.390159767610748
78.0,1.0,0.3664972161704188
78.0,2.0,0.3972101186153474
78.0,3.0,0.4129750665698378
78.0,4.0,0.4508593560881143
78.0,5.0,0.48768458000484144
78.0,6.0,0.4820564028080368
78.0,7.0,0.4291031227305737
78.0,8.0,0.4538852578068264
78.0,9.0,0.4349128540305011
79.0,0.0,0.38925199709513436
79.0,1.0,0.3658617768094892
79.0,2.0,0.3931856693294602
79.0,3.0,0.4102517550229969
79.0,4.0,0.446562575647543
79.0,5.0,0.48175381263616557
79.0,6.0,0.47700314693778745
79.0,7.0,0.42749939481965626
79.0,8.0,0.45288671023965144
79.0,9.0,0.4338235294117647
80.0,0.0,0.3884350036310821
80.0,1.0,0.3659828128782377
80.0,2.0,0.3921266037279109
80.0,3.0,0.4059549745824256
80.0,4.0,0.44471677559912853
80.0,5.0,0.4788186879690148
80.0,6.0,0.47654926167998063
80.0,7.0,0.4275296538368434
80.0,8.0,0.45542846768336964
80.0,9.0,0.43415637860082307
81.0,0.0,0.38704308884047445
81.0,1.0,0.3637133865892036
81.0,2.0,0.39028080367949647
81.0,3.0,0.40026627935124665
81.0,4.0,0.437878237714839
81.0,5.0,0.47555071411280564
81.0,6.0,0.4741890583393851
81.0,7.0,0.430162188332123
81.0,8.0,0.4539760348583878
81.0,9.0,0.43448922778988136
82.0,0.0,0.38577221011861534
82.0,1.0,0.36507504236262406
82.0,2.0,0.3869825708061002
82.0,3.0,0.4000544662309368
82.0,4.0,0.43473129992737836
82.0,5.0,0.475641491164367
82.0,6.0,0.4710723795691116
82.0,7.0,0.4301319293149358
82.0,8.0,0.4504054708303074
82.0,9.0,0.4361837327523602
83.0,0.0,0.3869825708061002
83.0,1.0,0.3628963931251513
83.0,2.0,0.3824739772452191
83.0,3.0,0.40147664003873157
83.0,4.0,0.4303437424352457
83.0,5.0,0.47340232389251996
83.0,6.0,0.4753691600096829
83.0,7.0,0.4267429193899782
83.0,8.0,0.4480755265068991
83.0,9.0,0.43875574921326554
84.0,0.0,0.3918845315904139
84.0,1.0,0.36341079641733237
84.0,2.0,0.38562091503267976
84.0,3.0,0.39221738077947227
84.0,4.0,0.4265916243040426
84.0,5.0,0.4716170418784798
84.0,6.0,0.4762164124909223
84.0,7.0,0.42483660130718953
84.0,8.0,0.4427196804647785
84.0,9.0,0.4416908738804164
85.0,0.0,0.39500121036068747
85.0,1.0,0.36159525538610504
85.0,2.0,0.37829823287339626
85.0,3.0,0.3905833938513677
85.0,4.0,0.42849794238683125
85.0,5.0,0.4675623335754055
85.0,6.0,0.47086056644880175
85.0,7.0,0.42855846042120554
85.0,8.0,0.4424473493100944
85.0,9.0,0.4420539820866618
86.0,0.0,0.39215686274509803
86.0,1.0,0.36407649479544907
86.0,2.0,0.3791757443718228
86.0,3.0,0.38940329218106995
86.0,4.0,0.4268639554587267
86.0,5.0,0.46423384168482207
86.0,6.0,0.46825829097070926
86.0,7.0,0.42831638828370855
86.0,8.0,0.4417211328976035
86.0,9.0,0.4429314935850884
87.0,0.0,0.389917695473251
87.0,1.0,0.3662551440329218
87.0,2.0,0.37772331154684097
87.0,3.0,0.38813241345921085
87.0,4.0,0.41551682401355605
87.0,5.0,0.46465746792544177
87.0,6.0,0.46958968772694265
87.0,7.0,0.42916364076494795
87.0,8.0,0.44365770999757925
87.0,9.0,0.4500121036068748
88.0,0.0,0.38858629871701766
88.0,1.0,0.3644396030016945
88.0,2.0,0.3752723311546841
88.0,3.0,0.38410796417332366
88.0,4.0,0.40858750907770514
88.0,5.0,0.45824255628177196
88.0,6.0,0.46853062212539337
88.0,7.0,0.4314633260711692
88.0,8.0,0.4375756475429678
88.0,9.0,0.4456548051319293
89.0,0.0,0.3861050593076737
89.0,1.0,0.368040426046962
89.0,2.0,0.3758472524812394
89.0,3.0,0.3844105543451949
89.0,4.0,0.4001755022996853
89.0,5.0,0.45155531348341804
89.0,6.0,0.46892398934882595
89.0,7.0,0.4343379327039458
89.0,8.0,0.4354575163398693
89.0,9.0,0.4416303558460421
90.0,0.0,0.3872246429435972
90.0,1.0,0.36864560639070443
90.0,2.0,0.37282135076252726
90.0,3.0,0.38120309852336
90.0,4.0,0.395122246429436
90.0,5.0,0.44629024449285887
90.0,6.0,0.4679557007988381
90.0,7.0,0.43364197530864196
90.0,8.0,0.4363047688211087
90.0,9.0,0.4414488017429194
91.0,0.0,0.387678528201404
91.0,1.0,0.3679496489954006
91.0,2.0,0.37227668845315903
91.0,3.0,0.37923626240619707
91.0,4.0,0.38837448559670784
91.0,5.0,0.4423263132413459
91.0,6.0,0.466200677801985
91.0,7.0,0.4333393851367708
91.0,8.0,0.4374546114742193
91.0,9.0,0.43818082788671026
92.0,0.0,0.3832909707092714
92.0,1.0,0.36462115710481724
92.0,2.0,0.37642217380779475
92.0,3.0,0.37381989832970225
92.0,4.0,0.3873759380295328
92.0,5.0,0.4399358508835633
92.0,6.0,0.4619644153957879
92.0,7.0,0.4384531590413943
92.0,8.0,0.4373940934398451
92.0,9.0,0.4362745098039216
93.0,0.0,0.38259501331396756
93.0,1.0,0.3653776325344953
93.0,2.0,0.37633139675623334
93.0,3.0,0.36909949164851125
93.0,4.0,0.3829278625030259
93.0,5.0,0.43554829339143064
93.0,6.0,0.4605119825708061
93.0,7.0,0.4365770999757928
93.0,8.0,0.43818082788671026
93.0,9.0,0.4337024933430162
94.0,0.0,0.3832909707092714
94.0,1.0,0.3658617768094892
94.0,2.0,0.376482691842169
94.0,3.0,0.3667090292907286
94.0,4.0,0.3802953280077463
94.0,5.0,0.43778746066327767
94.0,6.0,0.45527717259743405
94.0,7.0,0.43790849673202614
94.0,8.0,0.43694020818203827
94.0,9.0,0.4338235294117647
95.0,0.0,0.38320019365771
95.0,1.0,0.363320019365771
95.0,2.0,0.3743645606390704
95.0,3.0,0.3631989832970225
95.0,4.0,0.3801440329218107
95.0,5.0,0.4335209392398935
95.0,6.0,0.44907407407407407
95.0,7.0,0.4452614379084967
95.0,8.0,0.43128177196804646
95.0,9.0,0.4351851851851852
96.0,0.0,0.3835633018639555
96.0,1.0,0.36338053740014525
96.0,2.0,0.3758472524812394
96.0,3.0,0.36226095376422174
96.0,4.0,0.3818687969014766
96.0,5.0,0.42792302106027597
96.0,6.0,0.44846889373033166
96.0,7.0,0.44538247397724523
96.0,8.0,0.4389070442992012
96.0,9.0,0.43364197530864196
97.0,0.0,0.3855603969983055
97.0,1.0,0.35965867828612924
97.0,2.0,0.37784434761558944
97.0,3.0,0.35893246187363836
97.0,4.0,0.37318445896877267
97.0,5.0,0.42190147664003874
97.0,6.0,0.4445049624788187
97.0,7.0,0.44946744129750665
97.0,8.0,0.42979908012587753
97.0,9.0,0.4418724279835391
98.0,0.0,0.3869523117889131
98.0,1.0,0.35735899297990803
98.0,2.0,0.3771181312030985
98.0,3.0,0.3602941176470588
98.0,4.0,0.37257927862503026
98.0,5.0,0.41696925683853786
98.0,6.0,0.4452916969256839
98.0,7.0,0.44734931009440815
98.0,8.0,0.42913338174776083
98.0,9.0,0.44756112321471797
99.0,0.0,0.38537884289518276
99.0,1.0,0.3588719438392641
99.0,2.0,0.37339627208908255
99.0,3.0,0.36120188816267246
99.0,4.0,0.36937182280319536
99.0,5.0,0.41167392883079157
99.0,6.0,0.4431433067053982
99.0,7.0,0.45225127087872186
99.0,8.0,0.4226882110869039
99.0,9.0,0.45113168724279834
100.0,0.0,0.3846223674655047
100.0,1.0,0.3605059307673687
100.0,2.0,0.37445533769063183
100.0,3.0,0.3596284192689421
100.0,4.0,0.3692205277172597
100.0,5.0,0.4066509319777294
100.0,6.0,0.4419026870007262
100.0,7.0,0.45754659888646815
100.0,8.0,0.421719922536916
100.0,9.0,0.45167634955216657
101.0,0.0,0.3816267247639797
101.0,1.0,0.3664972161704188
101.0,2.0,0.37212539336722344
101.0,3.0,0.35923505204550954
101.0,4.0,0.36882716049382713
101.0,5.0,0.40483539094650206
101.0,6.0,0.43818082788671026
101.0,7.0,0.4601186153473735
101.0,8.0,0.4247760832728153
101.0,9.0,0.45403655289276207
102.0,0.0,0.38008351488743647
102.0,1.0,0.363077947228274
102.0,2.0,0.37142943597191963
102.0,3.0,0.35974945533769065
102.0,4.0,0.3681312030985234
102.0,5.0,0.3977850399419027
102.0,6.0,0.4306160735899298
102.0,7.0,0.45945291696925683
102.0,8.0,0.4252299685306221
102.0,9.0,0.4457455821834907
103.0,0.0,0.3808399903171145
103.0,1.0,0.3647724521907528
103.0,2.0,0.37064270152505446
103.0,3.0,0.36099007504236263
103.0,4.0,0.37270031469377873
103.0,5.0,0.3937908496732026
103.0,6.0,0.42253691600096827
103.0,7.0,0.46166182522391674
103.0,8.0,0.4301016702977487
103.0,9.0,0.4429920116194626
104.0,0.0,0.3827765674170903
104.0,1.0,0.36186758654078915
104.0,2.0,0.3686153473735173
104.0,3.0,0.3652565964657468
104.0,4.0,0.3658617768094892
104.0,5.0,0.3927620430888405
104.0,6.0,0.41678770273541516
104.0,7.0,0.46250907770515615
104.0,8.0,0.433157831033648
104.0,9.0,0.443839264100702
105.0,0.0,0.3809912854030501
105.0,1.0,0.3602941176470588
105.0,2.0,0.370521665456306
105.0,3.0,0.3625938029532801
105.0,4.0,0.35950738320019365
105.0,5.0,0.3876482691842169
105.0,6.0,0.4124001452432825
105.0,7.0,0.4568809005083515
105.0,8.0,0.43724279835390945
105.0,9.0,0.4375453885257807
106.0,0.0,0.37893367223432584
106.0,1.0,0.363077947228274
106.0,2.0,0.3739409343984507
106.0,3.0,0.3619281045751634
106.0,4.0,0.3641370128298233
106.0,5.0,0.3839869281045752
106.0,6.0,0.4126422173807795
106.0,7.0,0.4568809005083515
106.0,8.0,0.4416606148632292
106.0,9.0,0.442084241103849
107.0,0.0,0.3769365770999758
107.0,1.0,0.3634713144517066
107.0,2.0,0.3713689179375454
107.0,3.0,0.3611413701282982
107.0,4.0,0.3606874848704914
107.0,5.0,0.37602880658436216
107.0,6.0,0.4110990075042363
107.0,7.0,0.448317598644396
107.0,8.0,0.44235657225853303
107.0,9.0,0.4418724279835391
108.0,0.0,0.3788731541999516
108.0,1.0,0.3640159767610748
108.0,2.0,0.37838900992495766
108.0,3.0,0.35923505204550954
108.0,4.0,0.35714717985959815
108.0,5.0,0.3729121278140886
108.0,6.0,0.4079520697167756
108.0,7.0,0.4444141854272573
108.0,8.0,0.4425381263616558
108.0,9.0,0.445321955942871
109.0,0.0,0.37965988864681677
109.0,1.0,0.3615649963689179
109.0,2.0,0.37978092471556524
109.0,3.0,0.35784313725490197
109.0,4.0,0.3549382716049383
109.0,5.0,0.3701282982328734
109.0,6.0,0.4043512466715081
109.0,7.0,0.44199346405228757
109.0,8.0,0.44262890341321715
109.0,9.0,0.45079883805374
110.0,0.0,0.3780561607358993
110.0,1.0,0.35859961268458
110.0,2.0,0.37941781650931977
110.0,3.0,0.3568445896877269
110.0,4.0,0.35366739288307913
110.0,5.0,0.3700980392156863
110.0,6.0,0.40050835148874364
110.0,7.0,0.4357601065117405
110.0,8.0,0.4444747034616316
110.0,9.0,0.4508290970709271
111.0,0.0,0.3799927378358751
111.0,1.0,0.3575102880658436
111.0,2.0,0.3798414427499395
111.0,3.0,0.35645122246429434
111.0,4.0,0.3527898813846526
111.0,5.0,0.3678891309610264
111.0,6.0,0.3982691842168966
111.0,7.0,0.4333091261195836
111.0,8.0,0.44644153957879446
111.0,9.0,0.45503510045993706
112.0,0.0,0.37911522633744854
112.0,1.0,0.3587811667877027
112.0,2.0,0.38365407891551684
112.0,3.0,0.35545267489711935
112.0,4.0,0.34710118615347374
112.0,5.0,0.3685850883563302
112.0,6.0,0.3940026627935125
112.0,7.0,0.43025296538368435
112.0,8.0,0.44795449043815055
112.0,9.0,0.45518639554587265
113.0,0.0,0.3801440329218107
113.0,1.0,0.3524872912127814
113.0,2.0,0.38062817719680464
113.0,3.0,0.3578733962720891
113.0,4.0,0.3470406681190995
113.0,5.0,0.3674655047204067
113.0,6.0,0.3904320987654321
113.0,7.0,0.43403534253207454
113.0,8.0,0.4425078673444687
113.0,9.0,0.4578794480755265
114.0,0.0,0.3775417574437182
114.0,1.0,0.3534555797627693
114.0,2.0,0.37869160009682884
114.0,3.0,0.3594166061486323
114.0,4.0,0.34573953038005323
114.0,5.0,0.3667090292907286
114.0,6.0,0.3871943839264101
114.0,7.0,0.42940571290244495
114.0,8.0,0.44153957879448075
114.0,9.0,0.4572742677317841
115.0,0.0,0.3805979181796175
115.0,1.0,0.35378842895182766
115.0,2.0,0.3776325344952796
115.0,3.0,0.36099007504236263
115.0,4.0,0.344680464778504
115.0,5.0,0.36419753086419754
115.0,6.0,0.38577221011861534
115.0,7.0,0.42610748002904864
115.0,8.0,0.44332486080852096
115.0,9.0,0.4564875332849189
116.0,0.0,0.3799019607843137
116.0,1.0,0.3535766158315178
116.0,2.0,0.37270031469377873
116.0,3.0,0.3605059307673687
116.0,4.0,0.3442870975550714
116.0,5.0,0.3635923505204551
116.0,6.0,0.3839264100702009
116.0,7.0,0.42362624061970466
116.0,8.0,0.4382716049382716
116.0,9.0,0.46081457274267734
117.0,0.0,0.3792967804405713
117.0,1.0,0.35475671750181553
117.0,2.0,0.3694020818203825
117.0,3.0,0.35908375695957395
117.0,4.0,0.34864439603001696
117.0,5.0,0.3574497700314694
117.0,6.0,0.38065843621399176
117.0,7.0,0.4203280077463084
117.0,8.0,0.4367283950617284
117.0,9.0,0.4587267005567659
118.0,0.0,0.37878237714839025
118.0,1.0,0.3572379569111595
118.0,2.0,0.3709150326797386
118.0,3.0,0.3619281045751634
118.0,4.0,0.3498244977003147
118.0,5.0,0.3549685306221254
118.0,6.0,0.3805374001452433
118.0,7.0,0.4200254175744372
118.0,8.0,0.43373275236020337
118.0,9.0,0.4601186153473735
119.0,0.0,0.3812636165577342
119.0,1.0,0.3593863471314452
119.0,2.0,0.3707032195594287
119.0,3.0,0.36353183248608084
119.0,4.0,0.3482510288065844
119.0,5.0,0.3562091503267974
119.0,6.0,0.3775417574437182
119.0,7.0,0.4172718470104091
119.0,8.0,0.4347918179617526
119.0,9.0,0.4616013071895425
120.0,0.0,0.37463689179375453
120.0,1.0,0.36056644880174293
120.0,2.0,0.3664972161704188
120.0,3.0,0.35929557007988383
120.0,4.0,0.35200314693778745
120.0,5.0,0.35251755022996856
120.0,6.0,0.36991648511256353
120.0,7.0,0.41385257806826437
120.0,8.0,0.43403534253207454
120.0,9.0,0.45908980876301136
121.0,0.0,0.37121762285160975
121.0,1.0,0.3635015734688937
121.0,2.0,0.3644396030016945
121.0,3.0,0.36077826192205276
121.0,4.0,0.35182159283466474
121.0,5.0,0.351640038731542
121.0,6.0,0.3713386589203583
121.0,7.0,0.4100702009198741
121.0,8.0,0.4356693294601791
121.0,9.0,0.4586964415395788
122.0,0.0,0.37273057371096585
122.0,1.0,0.3595679012345679
122.0,2.0,0.36298717017671267
122.0,3.0,0.3611111111111111
122.0,4.0,0.3524872912127814
122.0,5.0,0.3555434519486807
122.0,6.0,0.3664064391188574
122.0,7.0,0.4089808763011377
122.0,8.0,0.43694020818203827
122.0,9.0,0.4545509561849431
123.0,0.0,0.37315419995158555
123.0,1.0,0.3598704914064391
123.0,2.0,0.3651658194141854
123.0,3.0,0.36032437666424594
123.0,4.0,0.35291091745340114
123.0,5.0,0.3546961994674413
123.0,6.0,0.3661038489469862
123.0,7.0,0.4062575647542968
123.0,8.0,0.4379690147664004
123.0,9.0,0.4544904381505689
124.0,0.0,0.36810094408133626
124.0,1.0,0.36528685548293394
124.0,2.0,0.3617768094892278
124.0,3.0,0.36171629145485357
124.0,4.0,0.3504296780440571
124.0,5.0,0.35518034374243523
124.0,6.0,0.36244250786734444
124.0,7.0,0.4061667877027354
124.0,8.0,0.44247760832728156
124.0,9.0,0.45222101186153474
125.0,0.0,0.36807068506414914
125.0,1.0,0.359840232389252
125.0,2.0,0.3609295570079884
125.0,3.0,0.3566327765674171
125.0,4.0,0.3502783829581215
125.0,5.0,0.3524872912127814
125.0,6.0,0.36658799322198016
125.0,7.0,0.40371580731057854
125.0,8.0,0.44235657225853303
125.0,9.0,0.45028443476155894
126.0,0.0,0.3702493343016219
126.0,1.0,0.36077826192205276
126.0,2.0,0.3651658194141854
126.0,3.0,0.35463568143306706
126.0,4.0,0.353637133865892
126.0,5.0,0.3493706124425079
126.0,6.0,0.36338053740014525
126.0,7.0,0.4006293875574921
126.0,8.0,0.4422960542241588
126.0,9.0,0.45267489711934156
127.0,0.0,0.3711268458000484
127.0,1.0,0.35926531106269666
127.0,2.0,0.36549866860324376
127.0,3.0,0.3536068748487049
127.0,4.0,0.3568143306705398
127.0,5.0,0.3484628419268942
127.0,6.0,0.3655894456548051
127.0,7.0,0.3959694989106754
127.0,8.0,0.4439603001694505
127.0,9.0,0.4562454611474219
128.0,0.0,0.37282135076252726
128.0,1.0,0.35850883563301866
128.0,2.0,0.36867586540789155
128.0,3.0,0.3523359961268458
128.0,4.0,0.35560396998305493
128.0,5.0,0.3447107237956911
128.0,6.0,0.36522633744855965
128.0,7.0,0.39109779714354875
128.0,8.0,0.44054103122730576
128.0,9.0,0.45899903171145
129.0,0.0,0.3760590656015493
129.0,1.0,0.35866013071895425
129.0,2.0,0.36504478334543694
129.0,3.0,0.35421205519244736
129.0,4.0,0.3559368191721133
129.0,5.0,0.3450738320019366
129.0,6.0,0.3656499636891794
129.0,7.0,0.3897058823529412
129.0,8.0,0.437878237714839
129.0,9.0,0.4538852578068264
130.0,0.0,0.3752118131203099
130.0,1.0,0.3581457274267732
130.0,2.0,0.3638949406923263
130.0,3.0,0.3517913338174776
130.0,4.0,0.3577221011861535
130.0,5.0,0.3429859598160252
130.0,6.0,0.36701161946259986
130.0,7.0,0.38789034132171385
130.0,8.0,0.4340050835148874
130.0,9.0,0.4487109658678286
131.0,0.0,0.37766279351246673
131.0,1.0,0.3584483175986444
131.0,2.0,0.36253328491890585
131.0,3.0,0.3472222222222222
131.0,4.0,0.3575102880658436
131.0,5.0,0.34174534011135316
131.0,6.0,0.3723674655047204
131.0,7.0,0.38410796417332366
131.0,8.0,0.4328552408617768
131.0,9.0,0.44641128056160734
132.0,0.0,0.3792665214233842
132.0,1.0,0.3578733962720891
132.0,2.0,0.3615649963689179
132.0,3.0,0.34670781893004116
132.0,4.0,0.3589627208908255
132.0,5.0,0.3401113531832486
132.0,6.0,0.3739106753812636
132.0,7.0,0.3858629871701767
132.0,8.0,0.4333696441539579
132.0,9.0,0.44453522149600583
133.0,0.0,0.3788428951827645
133.0,1.0,0.36017308157831035
133.0,2.0,0.36201888162672474
133.0,3.0,0.3459816025175502
133.0,4.0,0.35735899297990803
133.0,5.0,0.34005083514887435
133.0,6.0,0.3752723311546841
133.0,7.0,0.3841382231905108
133.0,8.0,0.4313120309852336
133.0,9.0,0.44365770999757925
134.0,0.0,0.38174776083272816
134.0,1.0,0.3602335996126846
134.0,2.0,0.3611111111111111
134.0,3.0,0.3482812878237715
134.0,4.0,0.3551500847252481
134.0,5.0,0.34138223190510775
134.0,6.0,0.37642217380779475
134.0,7.0,0.38283708545146455
134.0,8.0,0.42810457516339867
134.0,9.0,0.4459271362866134
135.0,0.0,0.3818687969014766
135.0,1.0,0.35696562575647545
135.0,2.0,0.36338053740014525
135.0,3.0,0.35009682885499877
135.0,4.0,0.3533042846768337
135.0,5.0,0.3397785039941903
135.0,6.0,0.37439481965625754
135.0,7.0,0.38410796417332366
135.0,8.0,0.4240801258775115
135.0,9.0,0.4450496247881869
136.0,0.0,0.3830791575889615
136.0,1.0,0.35654199951585575
136.0,2.0,0.36183732752360204
136.0,3.0,0.34685911401597674
136.0,4.0,0.3536068748487049
136.0,5.0,0.3429557007988381
136.0,6.0,0.37451585572500606
136.0,7.0,0.38313967562333573
136.0,8.0,0.42017671266037276
136.0,9.0,0.4442023723069475
137.0,0.0,0.3760893246187364
137.0,1.0,0.35823650447833455
137.0,2.0,0.3568445896877269
137.0,3.0,0.3458000484144275
137.0,4.0,0.35154926167998063
137.0,5.0,0.344680464778504
137.0,6.0,0.37188332122972645
137.0,7.0,0.3830791575889615
137.0,8.0,0.41736262406197044
137.0,9.0,0.4420539820866618
138.0,0.0,0.3758169934640523
138.0,1.0,0.35881142580488984
138.0,2.0,0.35675381263616557
138.0,3.0,0.3453461631566207
138.0,4.0,0.34967320261437906
138.0,5.0,0.3463144517066086
138.0,6.0,0.3763919147906076
138.0,7.0,0.38407770515613654
138.0,8.0,0.41082667634955217
138.0,9.0,0.4440208182038247
139.0,0.0,0.3745461147421932
139.0,1.0,0.35669329460179133
139.0,2.0,0.3579036552892762
139.0,3.0,0.34643548777535704
139.0,4.0,0.34516460905349794
139.0,5.0,0.3480694747034616
139.0,6.0,0.37490922294843865
139.0,7.0,0.3833212297264585
139.0,8.0,0.4059549745824256
139.0,9.0,0.44323408375695955
140.0,0.0,0.3743343016218833
140.0,1.0,0.35651174049866863
140.0,2.0,0.35820624546114743
140.0,3.0,0.3453461631566207
140.0,4.0,0.3443778746066328
140.0,5.0,0.3485838779956427
140.0,6.0,0.37678528201404016
140.0,7.0,0.3840171871217623
140.0,8.0,0.40177923021060274
140.0,9.0,0.43917937545388525
141.0,0.0,0.3765432098765432
141.0,1.0,0.35633018639554587
141.0,2.0,0.35796417332365044
141.0,3.0,0.3433793270394578
141.0,4.0,0.3433793270394578
141.0,5.0,0.34879569111595254
141.0,6.0,0.37726942628903415
141.0,7.0,0.38202009198741227
141.0,8.0,0.40038731541999517
141.0,9.0,0.43639554587267004
142.0,0.0,0.38120309852336
142.0,1.0,0.35884168482207696
142.0,2.0,0.35687484870491404
142.0,3.0,0.34310699588477367
142.0,4.0,0.34434761558944565
142.0,5.0,0.34967320261437906
142.0,6.0,0.38105180343742434
142.0,7.0,0.3833514887436456
142.0,8.0,0.3968470104091019
142.0,9.0,0.4337932703945776
143.0,0.0,0.3829278625030259
143.0,1.0,0.35929557007988383
143.0,2.0,0.35784313725490197
143.0,3.0,0.3428951827644638
143.0,4.0,0.34368191721132896
143.0,5.0,0.3489772452190753
143.0,6.0,0.3822924231420963
143.0,7.0,0.3836238198983297
143.0,8.0,0.39388162672476396
143.0,9.0,0.43391430646332607
144.0,0.0,0.38235294117647056
144.0,1.0,0.3600217864923747
144.0,2.0,0.3587509077705156
144.0,3.0,0.3429254417816509
144.0,4.0,0.34198741224885015
144.0,5.0,0.34967320261437906
144.0,6.0,0.3797506656983781
144.0,7.0,0.382201646090535
144.0,8.0,0.39197530864197533
144.0,9.0,0.43406560154926166
145.0,0.0,0.3854091019123699
145.0,1.0,0.36074800290486564
145.0,2.0,0.3609295570079884
145.0,3.0,0.3433188090050835
145.0,4.0,0.34171508109416604
145.0,5.0,0.34864439603001696
145.0,6.0,0.3811425804889857
145.0,7.0,0.38453159041394336
145.0,8.0,0.388919147906076
145.0,9.0,0.4311909949164851
146.0,0.0,0.387678528201404
146.0,1.0,0.3593863471314452
146.0,2.0,0.36183732752360204
146.0,3.0,0.3438634713144517
146.0,4.0,0.34177559912854033
146.0,5.0,0.3484628419268942
146.0,6.0,0.3833817477608327
146.0,7.0,0.385681433067054
146.0,8.0,0.3871943839264101
146.0,9.0,0.43106995884773663
147.0,0.0,0.3877693052529654
147.0,1.0,0.35735899297990803
147.0,2.0,0.36117162914548534
147.0,3.0,0.3428649237472767
147.0,4.0,0.3433188090050835
147.0,5.0,0.3461328976034858
147.0,6.0,0.3833212297264585
147.0,7.0,0.3861050593076737
147.0,8.0,0.3845618494311305
147.0,9.0,0.4299503752118131
148.0,0.0,0.3841684822076979
148.0,1.0,0.3588719438392641
148.0,2.0,0.36292665214233844
148.0,3.0,0.3410493827160494
148.0,4.0,0.3431372549019608
148.0,5.0,0.3467683369644154
148.0,6.0,0.3843197772936335
148.0,7.0,0.3876180101670298
148.0,8.0,0.38438029532800777
148.0,9.0,0.43004115226337447
149.0,0.0,0.3841684822076979
149.0,1.0,0.35996126845800047
149.0,2.0,0.3605361897845558
149.0,3.0,0.3412309368191721
149.0,4.0,0.34195715323166304
149.0,5.0,0.3474340353425321
149.0,6.0,0.3826857903655289
149.0,7.0,0.3880113773904624
149.0,8.0,0.38386589203582666
149.0,9.0,0.42677317840716533
150.0,0.0,0.387164124909223
150.0,1.0,0.3604454127329944
150.0,2.0,0.36141370128298234
150.0,3.0,0.33796296296296297
150.0,4.0,0.34389373033163884
150.0,5.0,0.3461934156378601
150.0,6.0,0.38323045267489714
150.0,7.0,0.38985717743887677
150.0,8.0,0.381959573953038
150.0,9.0,0.42190147664003874
151.0,0.0,0.384440813362382
151.0,1.0,0.3630174291938998
151.0,2.0,0.3603848946986202
151.0,3.0,0.33905228758169936
151.0,4.0,0.3402323892519971
151.0,5.0,0.34353062212539337
151.0,6.0,0.38510651174049865
151.0,7.0,0.38770878721859114
151.0,8.0,0.3798717017671266
151.0,9.0,0.4202977487291213
152.0,0.0,0.3836238198983297
152.0,1.0,0.3605059307673687
152.0,2.0,0.36571048172355364
152.0,3.0,0.3384168482207698
152.0,4.0,0.34222948438634715
152.0,5.0,0.3403836843379327
152.0,6.0,0.38471314451706606
152.0,7.0,0.3873759380295328
152.0,8.0,0.38256475429678044
152.0,9.0,0.4172718470104091
153.0,0.0,0.3837751149842653
153.0,1.0,0.362321471798596
153.0,2.0,0.36546840958605664
153.0,3.0,0.33487654320987653
153.0,4.0,0.3416243040426047
153.0,5.0,0.3373275236020334
153.0,6.0,0.3857116920842411
153.0,7.0,0.38798111837327526
153.0,8.0,0.3795085935608811
153.0,9.0,0.4172718470104091
154.0,0.0,0.38283708545146455
154.0,1.0,0.3623517308157831
154.0,2.0,0.36213991769547327
154.0,3.0,0.3343923989348826
154.0,4.0,0.3415032679738562
154.0,5.0,0.33862866134107966
154.0,6.0,0.3863168724279835
154.0,7.0,0.3865286855482934
154.0,8.0,0.3813846526264827
154.0,9.0,0.41382231905107725
155.0,0.0,0.38365407891551684
155.0,1.0,0.3600217864923747
155.0,2.0,0.35869038973614137
155.0,3.0,0.33596586782861293
155.0,4.0,0.3405652384410554
155.0,5.0,0.3380537400145243
155.0,6.0,0.3837145969498911
155.0,7.0,0.38813241345921085
155.0,8.0,0.37920600338900995
155.0,9.0,0.4153655289276204
156.0,0.0,0.3837751149842653
156.0,1.0,0.3598099733720649
156.0,2.0,0.35850883563301866
156.0,3.0,0.33572379569111593
156.0,4.0,0.34213870733478574
156.0,5.0,0.33832607116920843
156.0,6.0,0.3822319051077221
156.0,7.0,0.38749697409828127
156.0,8.0,0.382958121520213
156.0,9.0,0.41639433551198257
157.0,0.0,0.3845618494311305
157.0,1.0,0.35862987170176713
157.0,2.0,0.35645122246429434
157.0,3.0,0.3356330186395546
157.0,4.0,0.34353062212539337
157.0,5.0,0.33669208424110386
157.0,6.0,0.3813846526264827
157.0,7.0,0.3882231905107722
157.0,8.0,0.38507625272331153
157.0,9.0,0.41509319777293635
158.0,0.0,0.3867404986686032
158.0,1.0,0.3544843863471314
158.0,2.0,0.35908375695957395
158.0,3.0,0.33366618252239166
158.0,4.0,0.33989954006293877
158.0,5.0,0.3378419268942145
158.0,6.0,0.38471314451706606
158.0,7.0,0.3901900266279351
158.0,8.0,0.38513677075768576
158.0,9.0,0.41270273541515373
159.0,0.0,0.38235294117647056
159.0,1.0,0.35584604212055193
159.0,2.0,0.35669329460179133
159.0,3.0,0.33448317598644395
159.0,4.0,0.34002057613168724
159.0,5.0,0.3391128056160736
159.0,6.0,0.3801742919389978
159.0,7.0,0.3937605906560155
159.0,8.0,0.3876180101670298
159.0,9.0,0.41209755507141127
160.0,0.0,0.3855603969983055
160.0,1.0,0.35521060275962235
160.0,2.0,0.35563422900024205
160.0,3.0,0.3333030743161462
160.0,4.0,0.33917332365044783
160.0,5.0,0.33899176954732513
160.0,6.0,0.38044662309368193
160.0,7.0,0.3914306463326071
160.0,8.0,0.39176349552166545
160.0,9.0,0.41106874848704916
161.0,0.0,0.3848644396030017
161.0,1.0,0.35935608811425807
161.0,2.0,0.3491890583393851
161.0,3.0,0.3341200677801985
161.0,4.0,0.33944565480513195
161.0,5.0,0.3398087630113774
161.0,6.0,0.37911522633744854
161.0,7.0,0.38786008230452673
161.0,8.0,0.3920963447107238
161.0,9.0,0.41037279109174535
162.0,0.0,0.3826555313483418
162.0,1.0,0.35826676349552167
162.0,2.0,0.34779714354877755
162.0,3.0,0.3324558218349068
162.0,4.0,0.3405652384410554
162.0,5.0,0.34089808763011376
162.0,6.0,0.380961026385863
162.0,7.0,0.3847434035342532
162.0,8.0,0.3965746792544178
162.0,9.0,0.40858750907770514
163.0,0.0,0.38174776083272816
163.0,1.0,0.3592047930283224
163.0,2.0,0.34461994674412977
163.0,3.0,0.3328491890583394
163.0,4.0,0.33729726458484627
163.0,5.0,0.34050472040668117
163.0,6.0,0.38117283950617287
163.0,7.0,0.3803255870249334
163.0,8.0,0.40286855482933914
163.0,9.0,0.40589445654805134
164.0,0.0,0.3794480755265069
164.0,1.0,0.35935608811425807
164.0,2.0,0.3495824255628177
164.0,3.0,0.3309731299927378
164.0,4.0,0.3377511498426531
164.0,5.0,0.3373577826192205
164.0,6.0,0.3805374001452433
164.0,7.0,0.3756354393609296
164.0,8.0,0.4056221253933672
164.0,9.0,0.40734688937303315
165.0,0.0,0.37826797385620914
165.0,1.0,0.35820624546114743
165.0,2.0,0.3498244977003147
165.0,3.0,0.3292483660130719
165.0,4.0,0.3369038973614137
165.0,5.0,0.33657104817235534
165.0,6.0,0.3802953280077463
165.0,7.0,0.37784434761558944
165.0,8.0,0.4079520697167756
165.0,9.0,0.40825465988864684
166.0,0.0,0.38174776083272816
166.0,1.0,0.35572500605180346
166.0,2.0,0.3506112321471799
166.0,3.0,0.32794722827402567
166.0,4.0,0.33766037279109173
166.0,5.0,0.33657104817235534
166.0,6.0,0.37829823287339626
166.0,7.0,0.37466715081094165
166.0,8.0,0.4053497942386831
166.0,9.0,0.4048959089808763
167.0,0.0,0.38320019365771
167.0,1.0,0.35239651416122003
167.0,2.0,0.3516702977487291
167.0,3.0,0.32679738562091504
167.0,4.0,0.33596586782861293
167.0,5.0,0.3367828612926652
167.0,6.0,0.3777838295812152
167.0,7.0,0.3747276688453159
167.0,8.0,0.4074679254417817
167.0,9.0,0.40734688937303315
168.0,0.0,0.3826555313483418
168.0,1.0,0.3505204550956185
168.0,2.0,0.355361897845558
168.0,3.0,0.32473977245219077
168.0,4.0,0.3369038973614137
168.0,5.0,0.33445291696925683
168.0,6.0,0.3766945049624788
168.0,7.0,0.3739409343984507
168.0,8.0,0.4051077221011862
168.0,9.0,0.4075284434761559
169.0,0.0,0.3803861050593077
169.0,1.0,0.3484325829097071
169.0,2.0,0.35584604212055193
169.0,3.0,0.3225913822319051
169.0,4.0,0.3367526022754781
169.0,5.0,0.3337267005567659
169.0,6.0,0.37729968530622127
169.0,7.0,0.376482691842169
169.0,8.0,0.400841200677802
169.0,9.0,0.40441176470588236
170.0,0.0,0.3786310820624546
170.0,1.0,0.34713144517066086
170.0,2.0,0.3592047930283224
170.0,3.0,0.3198075526506899
170.0,4.0,0.33578431372549017
170.0,5.0,0.3313664972161704
170.0,6.0,0.37551440329218105
170.0,7.0,0.37463689179375453
170.0,8.0,0.40286855482933914
170.0,9.0,0.4074376664245945
171.0,0.0,0.3776022754780925
171.0,1.0,0.34561849431130476
171.0,2.0,0.35711692084241103
171.0,3.0,0.3208968772694263
171.0,4.0,0.33490680222706365
171.0,5.0,0.3290062938755749
171.0,6.0,0.3790547083030743
171.0,7.0,0.3763919147906076
171.0,8.0,0.40395787944807554
171.0,9.0,0.4109174534011135
172.0,0.0,0.3769668361171629
172.0,1.0,0.3458000484144275
172.0,2.0,0.3576313241345921
172.0,3.0,0.3179920116194626
172.0,4.0,0.3355119825708061
172.0,5.0,0.33042846768336964
172.0,6.0,0.38105180343742434
172.0,7.0,0.3763011377390462
172.0,8.0,0.4029895908980876
172.0,9.0,0.41058460421205517
173.0,0.0,0.37397119341563784
173.0,1.0,0.34646574679254416
173.0,2.0,0.35802469135802467
173.0,3.0,0.3230755265068991
173.0,4.0,0.33599612684580005
173.0,5.0,0.3290062938755749
173.0,6.0,0.3789034132171387
173.0,7.0,0.3758775114984265
173.0,8.0,0.4025054466230937
173.0,9.0,0.40882958121520213
174.0,0.0,0.371520213023481
174.0,1.0,0.3461026385862987
174.0,2.0,0.3550895666908739
174.0,3.0,0.3232873396272089
174.0,4.0,0.3371762285160978
174.0,5.0,0.3259198741224885
174.0,6.0,0.3771483902202856
174.0,7.0,0.3773904623577826
174.0,8.0,0.3990559186637618
174.0,9.0,0.41221859114015974
175.0,0.0,0.3719438392641007
175.0,1.0,0.3466473008956669
175.0,2.0,0.3585390946502058
175.0,3.0,0.3234386347131445
175.0,4.0,0.3360566448801743
175.0,5.0,0.3257685790365529
175.0,6.0,0.37466715081094165
175.0,7.0,0.3766945049624788
175.0,8.0,0.3985415153715807
175.0,9.0,0.41082667634955217
176.0,0.0,0.36719317356572256
176.0,1.0,0.34583030743161464
176.0,2.0,0.35584604212055193
176.0,3.0,0.3232570806100218
176.0,4.0,0.3352093923989349
176.0,5.0,0.3267066085693537
176.0,6.0,0.37297264584846285
176.0,7.0,0.3763011377390462
176.0,8.0,0.39796659404502543
176.0,9.0,0.4089506172839506
177.0,0.0,0.36616436698136046
177.0,1.0,0.34368191721132896
177.0,2.0,0.3537279109174534
177.0,3.0,0.32298474945533767
177.0,4.0,0.3371762285160978
177.0,5.0,0.3248305495037521
177.0,6.0,0.3677075768579037
177.0,7.0,0.3804163640764948
177.0,8.0,0.3978152989590898
177.0,9.0,0.4083454369402082
178.0,0.0,0.3683732752360203
178.0,1.0,0.3423505204550956
178.0,2.0,0.3491890583393851
178.0,3.0,0.32873396272089084
178.0,4.0,0.3363289760348584
178.0,5.0,0.3263132413459211
178.0,6.0,0.3677378358750908
178.0,7.0,0.37493948196562576
178.0,8.0,0.39908617768094895
178.0,9.0,0.40374606632776566
179.0,0.0,0.36419753086419754
179.0,1.0,0.3416545630597918
179.0,2.0,0.3489772452190753
179.0,3.0,0.3239530380053256
179.0,4.0,0.33750907770515615
179.0,5.0,0.3257685790365529
179.0,6.0,0.3639251997095134
179.0,7.0,0.3763919147906076
179.0,8.0,0.3954550956184943
179.0,9.0,0.4047143548777536
180.0,0.0,0.36549866860324376
180.0,1.0,0.34325829097070926
180.0,2.0,0.34755507141128056
180.0,3.0,0.3209573953038005
180.0,4.0,0.34047446138949405
180.0,5.0,0.321562575647543
180.0,6.0,0.3606874848704914
180.0,7.0,0.3775114984265311
180.0,8.0,0.39630234809973375
180.0,9.0,0.40395787944807554
181.0,0.0,0.36446986201888165
181.0,1.0,0.34601186153473734
181.0,2.0,0.3438332122972646
181.0,3.0,0.32419511014282254
181.0,4.0,0.33935487775357054
181.0,5.0,0.3196259985475672
181.0,6.0,0.3645303800532559
181.0,7.0,0.37602880658436216
181.0,8.0,0.3931554103122731
181.0,9.0,0.40413943355119825
182.0,0.0,0.36338053740014525
182.0,1.0,0.345679012345679
182.0,2.0,0.34032316630355847
182.0,3.0,0.3264947954490438
182.0,4.0,0.33687363834422657
182.0,5.0,0.3226216412490922
182.0,6.0,0.36129266521423387
182.0,7.0,0.3791757443718228
182.0,8.0,0.39258048898571773
182.0,9.0,0.405319535221496
183.0,0.0,0.36395545872670054
183.0,1.0,0.34837206487533284
183.0,2.0,0.3421689663519729
183.0,3.0,0.3267368675865408
183.0,4.0,0.33645001210360687
183.0,5.0,0.3196259985475672
183.0,6.0,0.3611111111111111
183.0,7.0,0.3780259017187122
183.0,8.0,0.3937605906560155
183.0,9.0,0.4013253449527959
184.0,0.0,0.36450012103606877
184.0,1.0,0.34573953038005323
184.0,2.0,0.34174534011135316
184.0,3.0,0.32725127087872186
184.0,4.0,0.3351186153473735
184.0,5.0,0.32044299201161947
184.0,6.0,0.3599915274751876
184.0,7.0,0.37702735415153715
184.0,8.0,0.3973916727184701
184.0,9.0,0.3997821350762527
185.0,0.0,0.3631989832970225
185.0,1.0,0.3410796417332365
185.0,2.0,0.341200677801985
185.0,3.0,0.33042846768336964
185.0,4.0,0.3314572742677318
185.0,5.0,0.31720527717259744
185.0,6.0,0.35288065843621397
185.0,7.0,0.37300290486564996
185.0,8.0,0.3997821350762527
185.0,9.0,0.40498668603243765
