frame,index,ratio
1.0,0.0,155.48517608517608
1.0,1.0,168.54681094159554
1.0,2.0,173.17365887207703
1.0,3.0,169.14244908097368
1.0,4.0,170.45561459017372
1.0,5.0,171.72623379939986
1.0,6.0,161.53530701754386
1.0,7.0,164.47620342670655
1.0,8.0,161.6858903665261
1.0,9.0,165.62077278049452
2.0,0.0,165.01800318348975
2.0,1.0,174.65002380790423
2.0,2.0,179.43758131890706
2.0,3.0,176.27917134656184
2.0,4.0,177.0609829008729
2.0,5.0,176.6683070237106
2.0,6.0,172.96954205069125
2.0,7.0,170.27926161336129
2.0,8.0,170.89598385731952
2.0,9.0,175.6306281647735
3.0,0.0,175.9147863933112
3.0,1.0,178.02822136563876
3.0,2.0,180.51524056861672
3.0,3.0,176.6318835168938
3.0,4.0,177.47518913444927
3.0,5.0,177.89012517385257
3.0,6.0,175.156512455516
3.0,7.0,172.1122448979592
3.0,8.0,174.20557763732324
3.0,9.0,178.86637168141593
4.0,0.0,170.61328601530442
4.0,1.0,177.77264980571272
4.0,2.0,182.1805364511692
4.0,3.0,178.3622914699402
4.0,4.0,179.4732746752858
4.0,5.0,180.1551207698681
4.0,6.0,178.482421453735
4.0,7.0,173.41715557353834
4.0,8.0,175.0877969410999
4.0,9.0,179.63659776347
5.0,0.0,177.4419044345136
5.0,1.0,179.04351324170298
5.0,2.0,181.71640356897734
5.0,3.0,177.65971830985916
5.0,4.0,178.2044314381271
5.0,5.0,179.5093274111675
5.0,6.0,177.67528838575626
5.0,7.0,173.55507791509942
5.0,8.0,174.07195224810226
5.0,9.0,179.42720358549505
6.0,0.0,176.41599496941635
6.0,1.0,177.60025029640363
6.0,2.0,179.7761489158598
6.0,3.0,175.27066309026262
6.0,4.0,174.35510907685907
6.0,5.0,177.6176582038651
6.0,6.0,175.72689674843127
6.0,7.0,171.34123190844832
6.0,8.0,171.46637237081276
6.0,9.0,176.03115285849438
7.0,0.0,173.19585385408314
7.0,1.0,175.12664873023164
7.0,2.0,176.08856213579077
7.0,3.0,170.3236345703366
7.0,4.0,168.11456425406203
7.0,5.0,173.92099152808282
7.0,6.0,172.34361014420685
7.0,7.0,167.58088383668527
7.0,8.0,167.97245250995496
7.0,9.0,171.95667991645894
8.0,0.0,168.99113170843347
8.0,1.0,170.76582486061002
8.0,2.0,171.68894214310168
8.0,3.0,166.32658087556186
8.0,4.0,162.44957559209354
8.0,5.0,170.73226171041065
8.0,6.0,169.0681494154548
8.0,7.0,164.38718644067797
8.0,8.0,163.82603270506337
8.0,9.0,167.91832736607444
9.0,0.0,162.43617935062704
9.0,1.0,163.5254725001635
9.0,2.0,166.73436635307138
9.0,3.0,162.56718370398056
9.0,4.0,157.8404255319149
9.0,5.0,167.4691039516738
9.0,6.0,166.5036038633415
9.0,7.0,161.05052645972924
9.0,8.0,158.35544899165737
9.0,9.0,163.5326354679803
10.0,0.0,155.3835332103321
10.0,1.0,156.58386523655986
10.0,2.0,159.8977241187899
10.0,3.0,156.99474244226076
10.0,4.0,151.61992439946349
10.0,5.0,162.25018934612473
10.0,6.0,162.0580331202789
10.0,7.0,156.53453330606123
10.0,8.0,154.35450438479936
10.0,9.0,158.52605306345734
11.0,0.0,149.20694313909775
11.0,1.0,149.24404404404405
11.0,2.0,152.86947368421053
11.0,3.0,152.23534965695222
11.0,4.0,145.59657656548242
11.0,5.0,156.2783093593562
11.0,6.0,157.70129679830023
11.0,7.0,152.53685000682407
11.0,8.0,148.9904768247203
11.0,9.0,150.84445488721803
12.0,0.0,142.98063484543408
12.0,1.0,142.72619288654923
12.0,2.0,146.66317049134167
12.0,3.0,148.3331002479181
12.0,4.0,141.8605476042315
12.0,5.0,151.5901075816411
12.0,6.0,154.27741697416974
12.0,7.0,148.51616881337353
12.0,8.0,146.77181344344413
12.0,9.0,150.63278711194081
13.0,0.0,138.88507739197993
13.0,1.0,138.74464894342194
13.0,2.0,141.35731992350733
13.0,3.0,145.06126217920144
13.0,4.0,139.95056277594676
13.0,5.0,147.90957615809876
13.0,6.0,150.08848386859705
13.0,7.0,144.83378052975576
13.0,8.0,144.94550278949518
13.0,9.0,147.50113942407293
14.0,0.0,130.5911488190782
14.0,1.0,135.3609032784655
14.0,2.0,138.14489564106205
14.0,3.0,143.58274027056484
14.0,4.0,140.16954434956057
14.0,5.0,144.92796014816707
14.0,6.0,147.7906618778861
14.0,7.0,142.1648804616653
14.0,8.0,143.9673980328771
14.0,9.0,145.72186851211072
15.0,0.0,136.2573976978244
15.0,1.0,136.7020780467732
15.0,2.0,136.12596899224806
15.0,3.0,143.35416399332735
15.0,4.0,141.17437877561187
15.0,5.0,143.5143531513141
15.0,6.0,147.08956323193635
15.0,7.0,141.9889920880633
15.0,8.0,143.5768360419667
15.0,9.0,142.31623931623932
16.0,0.0,136.24010823812387
16.0,1.0,137.27031452548272
16.0,2.0,135.91548691548692
16.0,3.0,144.88051682231034
16.0,4.0,143.00224466891135
16.0,5.0,143.8092386110226
16.0,6.0,146.3779215052183
16.0,7.0,141.53434009102193
16.0,8.0,144.72596054711664
16.0,9.0,141.87723273793654
17.0,0.0,137.54824905069015
17.0,1.0,139.64741847826087
17.0,2.0,137.99053650206346
17.0,3.0,145.48479794740217
17.0,4.0,144.8124029080967
17.0,5.0,145.4633653360283
17.0,6.0,146.4907516147974
17.0,7.0,142.6220902120605
17.0,8.0,145.34409715034843
17.0,9.0,142.22309119830328
18.0,0.0,138.30281139004273
18.0,1.0,142.15646074993256
18.0,2.0,141.36886752438852
18.0,3.0,147.6776695295475
18.0,4.0,146.47263805205293
18.0,5.0,147.49176941853915
18.0,6.0,147.50325649469448
18.0,7.0,143.81687314000968
18.0,8.0,148.34183708838822
18.0,9.0,145.7667298835004
19.0,0.0,141.4186215235792
19.0,1.0,145.49859569345995
19.0,2.0,145.53330540427314
19.0,3.0,149.3941172717412
19.0,4.0,149.09613252863653
19.0,5.0,150.64902747761656
19.0,6.0,149.25738335389303
19.0,7.0,145.26148751207396
19.0,8.0,150.62942798070296
19.0,9.0,147.70250628268695
20.0,0.0,139.35612948057212
20.0,1.0,146.95284510010538
20.0,2.0,149.01801427284695
20.0,3.0,152.26810762560572
20.0,4.0,152.61730828457038
20.0,5.0,152.45616843142082
20.0,6.0,151.71845777585958
20.0,7.0,148.11215911420956
20.0,8.0,153.66132945172245
20.0,9.0,150.83361572348358
21.0,0.0,149.7208796520058
21.0,1.0,152.06892950391645
21.0,2.0,152.21743625086148
21.0,3.0,155.10521308980213
21.0,4.0,156.19338933528124
21.0,5.0,154.6686816877328
21.0,6.0,154.01635229147243
21.0,7.0,151.54358799454297
21.0,8.0,155.8152682255846
21.0,9.0,154.0284369747899
22.0,0.0,152.6599114131424
22.0,1.0,153.7738241573397
22.0,2.0,154.52560406370125
22.0,3.0,157.22274370520708
22.0,4.0,157.26684831970937
22.0,5.0,155.9491091042226
22.0,6.0,157.01660344950977
22.0,7.0,154.3709142586452
22.0,8.0,157.2753257384542
22.0,9.0,156.0991033190578
23.0,0.0,156.3600725952813
23.0,1.0,156.40087454183012
23.0,2.0,156.2994073165747
23.0,3.0,158.7377360882241
23.0,4.0,158.27011494252875
23.0,5.0,157.1690226663417
23.0,6.0,159.7590996509723
23.0,7.0,158.18628173353875
23.0,8.0,159.67209679599839
23.0,9.0,158.7313831563481
24.0,0.0,160.12053517374986
24.0,1.0,157.17101467854624
24.0,2.0,157.4181046104071
24.0,3.0,160.57887404217593
24.0,4.0,159.28393869916738
24.0,5.0,159.29940338487762
24.0,6.0,162.79022646007152
24.0,7.0,161.33251395163433
24.0,8.0,162.6521709771085
24.0,9.0,160.37729816147083
25.0,0.0,162.6129738939938
25.0,1.0,156.97456330485784
25.0,2.0,157.75615961435457
25.0,3.0,161.3605446485117
25.0,4.0,159.79981981981982
25.0,5.0,161.1485770004266
25.0,6.0,163.35128544555144
25.0,7.0,162.85833720390153
25.0,8.0,164.34956019606526
25.0,9.0,163.64162463498806
26.0,0.0,164.7692589875275
26.0,1.0,157.08026500191107
26.0,2.0,158.68092324065452
26.0,3.0,162.41189148073022
26.0,4.0,161.3085611294683
26.0,5.0,163.5350167325829
26.0,6.0,163.85104625550662
26.0,7.0,164.3940314274396
26.0,8.0,166.5725752508361
26.0,9.0,166.90595466261317
27.0,0.0,165.89155293249723
27.0,1.0,155.69399567485053
27.0,2.0,158.87190877146458
27.0,3.0,163.67345643759123
27.0,4.0,161.59888227870923
27.0,5.0,165.6351656396803
27.0,6.0,164.19563133388112
27.0,7.0,166.44368285770776
27.0,8.0,166.452296819788
27.0,9.0,169.44070819845413
28.0,0.0,166.5418545746587
28.0,1.0,156.5327817079333
28.0,2.0,159.5468341182627
28.0,3.0,164.7323206857431
28.0,4.0,161.7754408960915
28.0,5.0,166.82349733397965
28.0,6.0,165.1153871940999
28.0,7.0,167.4514947340878
28.0,8.0,166.06877533390923
28.0,9.0,171.55565034781466
29.0,0.0,166.19504894930472
29.0,1.0,155.77724938177667
29.0,2.0,159.9347045380346
29.0,3.0,166.1558277560298
29.0,4.0,163.09501131087035
29.0,5.0,168.72223901348002
29.0,6.0,166.00485275543443
29.0,7.0,168.1233029448416
29.0,8.0,166.41818665956598
29.0,9.0,173.69803149606298
30.0,0.0,166.76016157535975
30.0,1.0,154.8344262295082
30.0,2.0,159.75703191281082
30.0,3.0,166.60769473352255
30.0,4.0,163.8053382695408
30.0,5.0,169.63494275155995
30.0,6.0,166.1662239341214
30.0,7.0,167.43963463065924
30.0,8.0,165.72479019581723
30.0,9.0,173.84868507995242
31.0,0.0,166.24834352701325
31.0,1.0,155.1159174973356
31.0,2.0,160.38960868996205
31.0,3.0,166.80105468014312
31.0,4.0,164.66810164424516
31.0,5.0,169.67412815252806
31.0,6.0,166.02819313615703
31.0,7.0,166.99170096932679
31.0,8.0,164.0044029352902
31.0,9.0,173.2342491084401
32.0,0.0,165.53927949990333
32.0,1.0,155.6298407584113
32.0,2.0,160.47880773010155
32.0,3.0,167.02043868394816
32.0,4.0,165.90904198062432
32.0,5.0,169.08354369515567
32.0,6.0,164.82631132013847
32.0,7.0,167.36027452025587
32.0,8.0,163.87722443559096
32.0,9.0,172.76666446455704
33.0,0.0,165.18370264474623
33.0,1.0,156.2843855866954
33.0,2.0,160.41037550699986
33.0,3.0,168.3802702871022
33.0,4.0,168.46601709606074
33.0,5.0,168.24344906158183
33.0,6.0,164.006457925636
33.0,7.0,166.90504847876963
33.0,8.0,163.32611880660627
33.0,9.0,171.73375427519073
34.0,0.0,165.06538056360284
34.0,1.0,157.2239033616009
34.0,2.0,159.64283367286586
34.0,3.0,169.7812343828086
34.0,4.0,170.89819112221826
34.0,5.0,167.66282315815027
34.0,6.0,163.75740561471443
34.0,7.0,167.7574047954866
34.0,8.0,162.40832059546753
34.0,9.0,170.7192206076618
35.0,0.0,165.57664718384697
35.0,1.0,158.60939678690514
35.0,2.0,160.5861593059937
35.0,3.0,170.25037462537463
35.0,4.0,172.7645105827948
35.0,5.0,166.27853326857698
35.0,6.0,163.60247293228267
35.0,7.0,167.17798152767477
35.0,8.0,162.69561170212765
35.0,9.0,169.64597792319387
36.0,0.0,166.07667603372138
36.0,1.0,159.60325232740902
36.0,2.0,160.10168155543877
36.0,3.0,171.62097429804265
36.0,4.0,174.50681344837847
36.0,5.0,166.3505544047764
36.0,6.0,164.0400460593654
36.0,7.0,167.88575826529245
36.0,8.0,162.8777800040072
36.0,9.0,169.6242632938216
37.0,0.0,165.4440399137001
37.0,1.0,161.08786057692308
37.0,2.0,159.4118650741567
37.0,3.0,171.73621043467446
37.0,4.0,174.1149418466651
37.0,5.0,165.9909876994276
37.0,6.0,163.3475942617748
37.0,7.0,167.8276364599894
37.0,8.0,163.13453333333334
37.0,9.0,169.3140708490006
38.0,0.0,166.9446637625919
38.0,1.0,163.29444544310624
38.0,2.0,159.52796406016017
38.0,3.0,172.45509056839475
38.0,4.0,173.9920644320739
38.0,5.0,167.8458835645484
38.0,6.0,165.04516169782718
38.0,7.0,168.1336793010576
38.0,8.0,164.36113882791193
38.0,9.0,168.90586756631606
39.0,0.0,167.38403645653526
39.0,1.0,163.72875366832366
39.0,2.0,159.60682762201455
39.0,3.0,172.2609893550407
39.0,4.0,173.46195619741005
39.0,5.0,169.21061798090204
39.0,6.0,167.13056641856946
39.0,7.0,169.11232408259897
39.0,8.0,165.7634301631516
39.0,9.0,168.59339430225674
40.0,0.0,168.54000417798204
40.0,1.0,163.9989770128776
40.0,2.0,160.18723625267805
40.0,3.0,171.37218493193652
40.0,4.0,173.304047976012
40.0,5.0,170.18203167339072
40.0,6.0,167.85122873345935
40.0,7.0,169.90835897100217
40.0,8.0,165.43532387990146
40.0,9.0,168.36222747570264
41.0,0.0,170.12151310228234
41.0,1.0,164.0285006944025
41.0,2.0,161.1538659131775
41.0,3.0,170.9340006255865
41.0,4.0,172.23452101042986
41.0,5.0,170.71007770616228
41.0,6.0,168.30074148548448
41.0,7.0,170.19372034063576
41.0,8.0,166.15484900891312
41.0,9.0,168.36390416339356
42.0,0.0,171.53378956372967
42.0,1.0,163.2725498566811
42.0,2.0,161.29140514922506
42.0,3.0,168.8893582655153
42.0,4.0,171.08792864460918
42.0,5.0,171.07234246083942
42.0,6.0,167.23420937088378
42.0,7.0,170.95765071553456
42.0,8.0,166.2134113890367
42.0,9.0,168.76327361029075
43.0,0.0,173.08430947216198
43.0,1.0,163.64332536911107
43.0,2.0,161.7383861524755
43.0,3.0,167.67686650878724
43.0,4.0,169.56429311079978
43.0,5.0,171.42745709828392
43.0,6.0,166.91792629606496
43.0,7.0,170.54110873924574
43.0,8.0,166.17711734523888
43.0,9.0,168.02865632221855
44.0,0.0,174.30738304093566
44.0,1.0,164.17390501968504
44.0,2.0,160.9290035020694
44.0,3.0,166.00303330444473
44.0,4.0,168.0414460471061
44.0,5.0,170.80536067638064
44.0,6.0,165.2181954044461
44.0,7.0,170.15090791180285
44.0,8.0,166.05651105651106
44.0,9.0,167.92214418234826
45.0,0.0,175.08676102019754
45.0,1.0,164.7103167253195
45.0,2.0,160.43610469591994
45.0,3.0,163.73132582055544
45.0,4.0,166.10060620905028
45.0,5.0,169.87101852973234
45.0,6.0,163.69187484541183
45.0,7.0,169.0781778008838
45.0,8.0,165.04634581105168
45.0,9.0,166.52623467131275
46.0,0.0,174.68797159343097
46.0,1.0,165.15174638625226
46.0,2.0,159.76575017624816
46.0,3.0,161.16225490196078
46.0,4.0,164.12431802856617
46.0,5.0,169.2458199063659
46.0,6.0,162.6090499413544
46.0,7.0,167.41324839108105
46.0,8.0,163.3370593293207
46.0,9.0,164.84444145537697
47.0,0.0,173.74194753755324
47.0,1.0,166.24125527164475
47.0,2.0,159.3624703392548
47.0,3.0,159.61309743211697
47.0,4.0,162.50366989452908
47.0,5.0,168.0542903989798
47.0,6.0,161.14851972671877
47.0,7.0,166.0075777371309
47.0,8.0,160.71727506766123
47.0,9.0,161.94962862930453
48.0,0.0,172.90719711213055
48.0,1.0,167.8560706401766
48.0,2.0,159.6551218267636
48.0,3.0,157.18739972849562
48.0,4.0,161.07461754605058
48.0,5.0,165.687473512139
48.0,6.0,159.60826148979717
48.0,7.0,164.16785056564063
48.0,8.0,157.66404182106936
48.0,9.0,159.6090866067203
49.0,0.0,172.4570888468809
49.0,1.0,168.83104351715764
49.0,2.0,159.66273885350319
49.0,3.0,155.58820605232088
49.0,4.0,159.9386107634543
49.0,5.0,163.22840551657393
49.0,6.0,157.88572319201995
49.0,7.0,161.69430968926184
49.0,8.0,153.95167884190067
49.0,9.0,156.6262884861551
50.0,0.0,171.5800456968774
50.0,1.0,169.40317993795244
50.0,2.0,159.79893812021996
50.0,3.0,154.00649672070287
50.0,4.0,157.26152778653884
50.0,5.0,159.9095258281354
50.0,6.0,155.53521567645402
50.0,7.0,158.97034845496384
50.0,8.0,151.27596399301356
50.0,9.0,153.5629344671661
51.0,0.0,171.578335373317
51.0,1.0,169.34490634993148
51.0,2.0,158.5040747994188
51.0,3.0,153.15875278948673
51.0,4.0,155.48606949314632
51.0,5.0,158.73474493531853
51.0,6.0,154.76115452482983
51.0,7.0,156.83006622516555
51.0,8.0,148.69613034623217
51.0,9.0,151.52677181344345
52.0,0.0,171.50611021443393
52.0,1.0,169.7245292921341
52.0,2.0,158.10833121666244
52.0,3.0,152.78621161258238
52.0,4.0,154.3597900531268
52.0,5.0,157.88806654841275
52.0,6.0,153.8929797787104
52.0,7.0,154.9300932090546
52.0,8.0,146.57080610021785
52.0,9.0,150.16085297724484
53.0,0.0,171.69994569854939
53.0,1.0,169.5092740859354
53.0,2.0,156.99241603466956
53.0,3.0,152.6208927464352
53.0,4.0,153.49184239375765
53.0,5.0,157.5722246035148
53.0,6.0,152.12056464549246
53.0,7.0,152.7016504725143
53.0,8.0,144.16151888285066
53.0,9.0,148.61645328248434
54.0,0.0,172.48246496864596
54.0,1.0,169.9039940628795
54.0,2.0,156.1033203249952
54.0,3.0,153.024917666066
54.0,4.0,153.97936681926623
54.0,5.0,156.76437984973518
54.0,6.0,151.8896368697003
54.0,7.0,150.6090125025072
54.0,8.0,143.79662190225667
54.0,9.0,148.62680440582884
55.0,0.0,173.2907570831398
55.0,1.0,170.7809835618307
55.0,2.0,155.1186145510836
55.0,3.0,152.4073404785643
55.0,4.0,156.34496800465388
55.0,5.0,156.35246856792395
55.0,6.0,153.4258114876732
55.0,7.0,149.46779366564212
55.0,8.0,143.51032551627583
55.0,9.0,146.9452299245024
56.0,0.0,172.56796154144374
56.0,1.0,170.81567519128697
56.0,2.0,154.34738759841238
56.0,3.0,152.2074078708628
56.0,4.0,158.44962891255244
56.0,5.0,156.64182500153723
56.0,6.0,153.9253527537551
56.0,7.0,148.73082595870207
56.0,8.0,143.96452343860642
56.0,9.0,146.87587149692413
57.0,0.0,171.2871918500661
57.0,1.0,170.0916672410228
57.0,2.0,154.6652916912198
57.0,3.0,151.9893757465267
57.0,4.0,159.86691550292812
57.0,5.0,157.78210213187901
57.0,6.0,154.3696487912947
57.0,7.0,149.29064205349323
57.0,8.0,146.41535938391328
57.0,9.0,147.93687024470492
58.0,0.0,170.54292180427657
58.0,1.0,170.28996438298765
58.0,2.0,155.2907660783925
58.0,3.0,152.04983680642732
58.0,4.0,161.3312475809573
58.0,5.0,157.81648522550543
58.0,6.0,154.40613777342475
58.0,7.0,149.96158291969812
58.0,8.0,148.4868740191183
58.0,9.0,147.67242556678502
59.0,0.0,169.5517942303182
59.0,1.0,170.89663664508865
59.0,2.0,157.50723864167057
59.0,3.0,151.84389480275516
59.0,4.0,162.19714432065567
59.0,5.0,158.77609881497273
59.0,6.0,155.4639900932021
59.0,7.0,152.86913968927522
59.0,8.0,151.06377713356432
59.0,9.0,149.10378400773374
60.0,0.0,169.7560477536915
60.0,1.0,170.59480317190597
60.0,2.0,159.2124983092114
60.0,3.0,151.74144938410555
60.0,4.0,162.9351220444841
60.0,5.0,160.11663516068052
60.0,6.0,155.75933931221368
60.0,7.0,153.79516329061596
60.0,8.0,153.20464920289345
60.0,9.0,150.13977446749269
61.0,0.0,170.12536124345857
61.0,1.0,170.69887058485
61.0,2.0,161.9129360065916
61.0,3.0,153.7788134525759
61.0,4.0,164.2189985366164
61.0,5.0,162.12265046516043
61.0,6.0,155.68024596464258
61.0,7.0,155.56675346611303
61.0,8.0,155.4416
61.0,9.0,152.8836592178771
62.0,0.0,170.06649976529494
62.0,1.0,171.04757077691696
62.0,2.0,164.66007768067692
62.0,3.0,156.05742199810905
62.0,4.0,165.765389229118
62.0,5.0,164.15779155072096
62.0,6.0,156.01452386966406
62.0,7.0,157.29953198127924
62.0,8.0,157.5260785129699
62.0,9.0,155.30815011903096
63.0,0.0,170.3600871053041
63.0,1.0,171.33048370597692
63.0,2.0,165.89268802228412
63.0,3.0,158.3746927972777
63.0,4.0,168.05121208275162
63.0,5.0,165.19058140268922
63.0,6.0,156.02916060471884
63.0,7.0,158.07146853146853
63.0,8.0,159.14629258517033
63.0,9.0,158.45236439499305
64.0,0.0,170.8730537999075
64.0,1.0,171.1346764076452
64.0,2.0,167.79887363604365
64.0,3.0,161.04800253646164
64.0,4.0,168.42193532054932
64.0,5.0,167.68182965299684
64.0,6.0,157.64221226087506
64.0,7.0,160.9025847693163
64.0,8.0,161.38522844383374
64.0,9.0,161.35009336745279
65.0,0.0,171.48662194463722
65.0,1.0,170.76697726425644
65.0,2.0,170.20409178091924
65.0,3.0,164.02396044624746
65.0,4.0,169.16925515055468
65.0,5.0,167.3165650406504
65.0,6.0,159.1470550901244
65.0,7.0,162.9893961302761
65.0,8.0,162.87719179013186
65.0,9.0,162.7539111172643
66.0,0.0,171.58558420690184
66.0,1.0,170.25093689102084
66.0,2.0,170.51255486006187
66.0,3.0,166.2096743233732
66.0,4.0,167.39929936305734
66.0,5.0,166.25973039681034
66.0,6.0,160.6537973075946
66.0,7.0,163.2635356849877
66.0,8.0,163.60553467714382
66.0,9.0,164.1712319339298
67.0,0.0,171.8973398562911
67.0,1.0,169.65391607332222
67.0,2.0,171.10814739443273
67.0,3.0,169.75811342667268
67.0,4.0,167.01658236762918
67.0,5.0,164.96213316503628
67.0,6.0,161.697933227345
67.0,7.0,163.52043745727957
67.0,8.0,165.63433599345203
67.0,9.0,165.2091329794474
68.0,0.0,172.23110941669844
68.0,1.0,169.91192307692307
68.0,2.0,171.05370545799025
68.0,3.0,172.0345653440352
68.0,4.0,167.08910067800946
68.0,5.0,163.50262807928567
68.0,6.0,164.21875396523285
68.0,7.0,164.20964102564102
68.0,8.0,167.08204502305398
68.0,9.0,164.80163890017607
69.0,0.0,172.31389014979572
69.0,1.0,170.59119888042295
69.0,2.0,171.27040221509765
69.0,3.0,173.5438974962411
69.0,4.0,167.8822219394248
69.0,5.0,162.8337214425074
69.0,6.0,166.35972778731795
69.0,7.0,164.91822349962362
69.0,8.0,169.0328920707821
69.0,9.0,163.94670255720055
70.0,0.0,172.1907755225689
70.0,1.0,171.24374166208898
70.0,2.0,170.88586916709397
70.0,3.0,174.13662441627753
70.0,4.0,168.7171612903226
70.0,5.0,163.0604587384692
70.0,6.0,168.96747967479675
70.0,7.0,167.89280803080308
70.0,8.0,170.2023962634536
70.0,9.0,162.39346905865753
71.0,0.0,172.06699321778447
71.0,1.0,171.54654276263977
71.0,2.0,171.01558136116418
71.0,3.0,173.92612441489723
71.0,4.0,169.1941439398847
71.0,5.0,162.39953997264703
71.0,6.0,171.1348999682439
71.0,7.0,171.10505809979495
71.0,8.0,171.61668690138944
71.0,9.0,160.51505310872065
72.0,0.0,171.56468188000605
72.0,1.0,171.16634661545848
72.0,2.0,171.69875183553597
72.0,3.0,174.3401690453097
72.0,4.0,169.25514993481096
72.0,5.0,162.72674238192764
72.0,6.0,170.96954186413902
72.0,7.0,172.71750988681305
72.0,8.0,172.52308733920108
72.0,9.0,158.61064577141312
73.0,0.0,171.55987864998104
73.0,1.0,171.63333604093899
73.0,2.0,169.2485
73.0,3.0,170.39869688777986
73.0,4.0,167.5391133004926
73.0,5.0,160.955195599022
73.0,6.0,169.99290780141843
73.0,7.0,172.05431502715751
73.0,8.0,169.1005445610307
73.0,9.0,156.27265932871313
74.0,0.0,171.47262313860253
74.0,1.0,171.47732813261823
74.0,2.0,173.71969418510622
74.0,3.0,173.8182144652733
74.0,4.0,168.4089401777424
74.0,5.0,163.40189520624304
74.0,6.0,171.27498436522828
74.0,7.0,175.40638021722796
74.0,8.0,169.38122209635503
74.0,9.0,155.94352182267363
75.0,0.0,171.63803013826316
75.0,1.0,171.7006152849741
75.0,2.0,174.67564168947408
75.0,3.0,173.80262967779223
75.0,4.0,167.85195772119923
75.0,5.0,165.06714480029677
75.0,6.0,169.64163822525597
75.0,7.0,173.04389404884762
75.0,8.0,166.08082408874802
75.0,9.0,156.14026117598286
76.0,0.0,171.27530585210005
76.0,1.0,171.01677524429968
76.0,2.0,174.98279187064233
76.0,3.0,173.79907017288974
76.0,4.0,166.7989597919584
76.0,5.0,166.99122643270488
76.0,6.0,167.9886890413499
76.0,7.0,170.48198480730363
76.0,8.0,164.55588644034148
76.0,9.0,156.73627212773343
77.0,0.0,171.86696526795538
77.0,1.0,170.83514685429108
77.0,2.0,175.5276961338458
77.0,3.0,173.9493532120149
77.0,4.0,165.95367465456243
77.0,5.0,168.33607122703617
77.0,6.0,165.62942525885052
77.0,7.0,167.9502106741573
77.0,8.0,162.71983843199575
77.0,9.0,155.77386022481323
78.0,0.0,171.98712579494338
78.0,1.0,170.9521961690885
78.0,2.0,174.18785708844368
78.0,3.0,174.48769050410317
78.0,4.0,165.4302013422819
78.0,5.0,170.29782217534282
78.0,6.0,163.43525202435504
78.0,7.0,166.48790635357167
78.0,8.0,161.7798
78.0,9.0,155.3601196688235
79.0,0.0,172.28754664179104
79.0,1.0,170.29302787197088
79.0,2.0,174.15106972448822
79.0,3.0,174.73971087181
79.0,4.0,165.8642092424448
79.0,5.0,170.7775893474028
79.0,6.0,163.28799797005837
79.0,7.0,164.30096262740656
79.0,8.0,161.60987505846194
79.0,9.0,155.24049661714446
80.0,0.0,172.53034198021345
80.0,1.0,169.7179826374535
80.0,2.0,173.63685469557836
80.0,3.0,175.35353309481218
80.0,4.0,164.95080628699733
80.0,5.0,171.96498988877653
80.0,6.0,163.03670074290432
80.0,7.0,161.53733456012458
80.0,8.0,160.8205434854827
80.0,9.0,155.26721494284917
81.0,0.0,173.7864905011336
81.0,1.0,170.89567387687188
81.0,2.0,174.07598077221274
81.0,3.0,175.41064408829754
81.0,4.0,165.09916384493124
81.0,5.0,171.62579536777807
81.0,6.0,162.10682151745263
81.0,7.0,159.4050365785031
81.0,8.0,158.63387322535493
81.0,9.0,154.67031130301552
82.0,0.0,174.22566475802023
82.0,1.0,171.7094902610858
82.0,2.0,174.34803346626006
82.0,3.0,175.3055744648665
82.0,4.0,165.52042876035358
82.0,5.0,172.3388892423182
82.0,6.0,161.51869218910585
82.0,7.0,158.1423848047837
82.0,8.0,156.74114880752435
82.0,9.0,152.79146722164413
83.0,0.0,174.25240441003987
83.0,1.0,172.23772200450261
83.0,2.0,174.76700949367088
83.0,3.0,175.00753693096172
83.0,4.0,166.21227675432428
83.0,5.0,170.3746883988495
83.0,6.0,160.8471037555697
83.0,7.0,156.96192299510741
83.0,8.0,156.00601026472177
83.0,9.0,152.0624827586207
84.0,0.0,174.27681260134352
84.0,1.0,173.09367194004994
84.0,2.0,173.9333019460138
84.0,3.0,174.91644807900016
84.0,4.0,168.316356930061
84.0,5.0,169.43808546131143
84.0,6.0,161.9012581014106
84.0,7.0,156.11403133903133
84.0,8.0,155.13526074772741
84.0,9.0,150.95745701171472
85.0,0.0,174.2173280220622
85.0,1.0,174.31012552301254
85.0,2.0,174.25211966085428
85.0,3.0,175.89208242950107
85.0,4.0,170.84429065743944
85.0,5.0,168.7824877038571
85.0,6.0,160.74770258980786
85.0,7.0,156.47722940055073
85.0,8.0,154.15880180549857
85.0,9.0,148.9134095420631
86.0,0.0,174.30154320987654
86.0,1.0,174.28582114361703
86.0,2.0,173.95563003750698
86.0,3.0,175.65863703473462
86.0,4.0,172.51967108527683
86.0,5.0,167.7033633163864
86.0,6.0,160.1377705977383
86.0,7.0,156.11882726951606
86.0,8.0,154.02055076037814
86.0,9.0,148.15780844377647
87.0,0.0,174.7103057581872
87.0,1.0,174.72133179114343
87.0,2.0,174.26387887527036
87.0,3.0,176.83675060419426
87.0,4.0,175.81663268278473
87.0,5.0,167.39411305027352
87.0,6.0,160.45325085379213
87.0,7.0,154.4599873087499
87.0,8.0,153.47660619287956
87.0,9.0,146.49885691231844
88.0,0.0,175.26740383117894
88.0,1.0,175.60652607107272
88.0,2.0,174.49750040316079
88.0,3.0,177.6017803686781
88.0,4.0,178.75805376582983
88.0,5.0,167.36866085578447
88.0,6.0,160.04662877809352
88.0,7.0,155.15141314257662
88.0,8.0,152.99239333379435
88.0,9.0,146.2328897338403
89.0,0.0,175.5156739811912
89.0,1.0,175.42390857518706
89.0,2.0,174.66556637951857
89.0,3.0,178.2980950881612
89.0,4.0,178.89368620037808
89.0,5.0,166.06292300475775
89.0,6.0,159.7447893140608
89.0,7.0,154.99066462310157
89.0,8.0,153.31207004377737
89.0,9.0,145.45625214114423
90.0,0.0,175.96944596389778
90.0,1.0,175.38479848969877
90.0,2.0,175.15193571950329
90.0,3.0,179.30179393554533
90.0,4.0,179.29637004135395
90.0,5.0,165.9811512644925
90.0,6.0,160.09582929194957
90.0,7.0,155.44839857651246
90.0,8.0,153.57556002496705
90.0,9.0,144.2272945369799
91.0,0.0,176.0428504527006
91.0,1.0,176.34004934210526
91.0,2.0,175.39461919856944
91.0,3.0,178.96824383627225
91.0,4.0,179.8454226723802
91.0,5.0,166.12005746340128
91.0,6.0,160.35302135393002
91.0,7.0,156.51546679701138
91.0,8.0,153.15687902054367
91.0,9.0,143.0412954906429
92.0,0.0,176.18938975290123
92.0,1.0,176.8809958506224
92.0,2.0,174.75458199356913
92.0,3.0,178.62603205439532
92.0,4.0,180.1917669114201
92.0,5.0,166.16761813054543
92.0,6.0,161.03347088491518
92.0,7.0,157.9993098688751
92.0,8.0,152.92078865444483
92.0,9.0,142.789291163823
93.0,0.0,175.6664030370136
93.0,1.0,177.17242236024845
93.0,2.0,175.12068826887514
93.0,3.0,179.0383669454009
93.0,4.0,180.7791386803635
93.0,5.0,167.25760733639015
93.0,6.0,161.14422761022405
93.0,7.0,159.7224840587746
93.0,8.0,152.85325599060837
93.0,9.0,142.96567362031675
94.0,0.0,175.37577958474776
94.0,1.0,177.371433297494
94.0,2.0,175.35412313132937
94.0,3.0,178.76334681079297
94.0,4.0,181.83091979630808
94.0,5.0,167.03635609621233
94.0,6.0,162.8238734547388
94.0,7.0,161.74426478717524
94.0,8.0,153.9997922437673
94.0,9.0,143.390528004464
95.0,0.0,175.33583385975996
95.0,1.0,177.31215124510703
95.0,2.0,175.40858389912705
95.0,3.0,179.80513205032076
95.0,4.0,183.29340125766137
95.0,5.0,168.730090039785
95.0,6.0,163.64099454214676
95.0,7.0,162.62589194699285
95.0,8.0,153.90991370237845
95.0,9.0,144.29446530385204
96.0,0.0,175.48398548437993
96.0,1.0,177.06553418269633
96.0,2.0,175.3384590612672
96.0,3.0,180.6389909789509
96.0,4.0,182.66442155309034
96.0,5.0,167.67713194739076
96.0,6.0,165.85682477565615
96.0,7.0,162.49548203002922
96.0,8.0,153.22985177524993
96.0,9.0,145.45795827227687
97.0,0.0,175.2082875529744
97.0,1.0,177.8831398283695
97.0,2.0,175.06582846160006
97.0,3.0,180.78831562974204
97.0,4.0,183.3891186248277
97.0,5.0,169.04253030194363
97.0,6.0,166.81300204220557
97.0,7.0,164.60630133297428
97.0,8.0,155.8799633905942
97.0,9.0,146.78634527151956
98.0,0.0,174.86307475758522
98.0,1.0,178.29678238780696
98.0,2.0,174.40961245286047
98.0,3.0,180.64819014025363
98.0,4.0,183.60318362706084
98.0,5.0,169.72481857764876
98.0,6.0,169.10811361783092
98.0,7.0,165.98383387445887
98.0,8.0,155.62417148498096
98.0,9.0,148.180312352106
99.0,0.0,175.4005182160804
99.0,1.0,179.20118043844857
99.0,2.0,175.21782820097243
99.0,3.0,180.75462846611376
99.0,4.0,184.6656836241501
99.0,5.0,170.42300624770306
99.0,6.0,170.8499829293274
99.0,7.0,166.80891208350062
99.0,8.0,157.0474622378123
99.0,9.0,149.64430880676102
100.0,0.0,175.79616080560146
100.0,1.0,179.54725532986402
100.0,2.0,174.50367676767678
100.0,3.0,180.33125788809423
100.0,4.0,184.3567447959351
100.0,5.0,172.5997470049855
100.0,6.0,172.48671596822788
100.0,7.0,168.1460220884862
100.0,8.0,158.83045131663917
100.0,9.0,149.89716620888322
101.0,0.0,176.20432921027592
101.0,1.0,179.9676354029062
101.0,2.0,174.80899333224914
101.0,3.0,180.50918126684635
101.0,4.0,184.1959143490032
101.0,5.0,176.18424396442185
101.0,6.0,172.31399765209585
101.0,7.0,169.17466789425228
101.0,8.0,159.58733437811654
101.0,9.0,149.68183938687105
102.0,0.0,176.38778759652894
102.0,1.0,180.233519459955
102.0,2.0,174.65784114052954
102.0,3.0,181.09168138615527
102.0,4.0,185.20877856320894
102.0,5.0,179.06070287539936
102.0,6.0,172.60740636638326
102.0,7.0,169.09971022128556
102.0,8.0,160.1111506439906
102.0,9.0,149.3163396918064
103.0,0.0,176.43890036548547
103.0,1.0,180.3242637909581
103.0,2.0,174.5808637439791
103.0,3.0,180.7254819782062
103.0,4.0,185.63075424210442
103.0,5.0,180.06984785615492
103.0,6.0,172.61708679461472
103.0,7.0,168.10906469161696
103.0,8.0,160.15766146053187
103.0,9.0,149.9262295081967
104.0,0.0,177.062371541502
104.0,1.0,180.46910276778996
104.0,2.0,174.59702840256116
104.0,3.0,180.5349183994698
104.0,4.0,185.60937887685054
104.0,5.0,182.87942989214176
104.0,6.0,173.6129664585451
104.0,7.0,166.77481190709847
104.0,8.0,159.01418092909535
104.0,9.0,151.18946004908645
105.0,0.0,178.5926455404654
105.0,1.0,180.31922398589066
105.0,2.0,175.2521028991425
105.0,3.0,180.86305599599433
105.0,4.0,186.61619392307045
105.0,5.0,184.42346421044414
105.0,6.0,173.202435982097
105.0,7.0,165.20041062322008
105.0,8.0,158.87882352941176
105.0,9.0,152.1283540802213
106.0,0.0,179.1879741276052
106.0,1.0,180.5705475456288
106.0,2.0,175.5726654798511
106.0,3.0,180.7289524287267
106.0,4.0,186.32831976067808
106.0,5.0,185.39141055949565
106.0,6.0,174.66583559433894
106.0,7.0,163.49142327306444
106.0,8.0,157.73876404494382
106.0,9.0,153.59486652977412
107.0,0.0,179.10371678574296
107.0,1.0,180.05228105228105
107.0,2.0,175.54322496537114
107.0,3.0,179.7199832425639
107.0,4.0,186.78288590604026
107.0,5.0,186.6845578176551
107.0,6.0,175.7729280141322
107.0,7.0,161.85880129589634
107.0,8.0,156.38285792461863
107.0,9.0,155.07491611312744
108.0,0.0,179.09408194233689
108.0,1.0,179.8050706566916
108.0,2.0,175.95577768892443
108.0,3.0,179.19095350404314
108.0,4.0,186.4914004914005
108.0,5.0,187.86173320350537
108.0,6.0,176.50014834594273
108.0,7.0,159.72199904677606
108.0,8.0,154.5417435897436
108.0,9.0,156.1134742134946
109.0,0.0,179.1618713636726
109.0,1.0,180.52565068206545
109.0,2.0,176.12716118237591
109.0,3.0,178.9255031286995
109.0,4.0,186.4988917306053
109.0,5.0,188.5146337475474
109.0,6.0,178.556611539325
109.0,7.0,158.5907441637571
109.0,8.0,153.25054689636315
109.0,9.0,157.68002416431736
110.0,0.0,178.4667040179286
110.0,1.0,180.5582651253059
110.0,2.0,176.75564239572535
110.0,3.0,178.39667599423387
110.0,4.0,186.20850444900753
110.0,5.0,187.82814160739105
110.0,6.0,178.87518887881535
110.0,7.0,159.12957433511562
110.0,8.0,151.402341888488
110.0,9.0,160.097523323713
111.0,0.0,178.67447045707917
111.0,1.0,181.12196360558613
111.0,2.0,176.70652433681192
111.0,3.0,178.83828522920203
111.0,4.0,186.32335534779997
111.0,5.0,188.56547129462083
111.0,6.0,180.66015803069442
111.0,7.0,160.2822625698324
111.0,8.0,149.26528399078217
111.0,9.0,161.28088841601277
112.0,0.0,178.52238805970148
112.0,1.0,181.01475921396644
112.0,2.0,176.39664011357362
112.0,3.0,178.17587469141057
112.0,4.0,184.82573446081423
112.0,5.0,188.33494786963303
112.0,6.0,181.0742646494125
112.0,7.0,161.01877769182082
112.0,8.0,147.41042961361794
112.0,9.0,161.74725786079904
113.0,0.0,178.15259094165407
113.0,1.0,181.43342776203966
113.0,2.0,176.48111932586056
113.0,3.0,177.83182548406188
113.0,4.0,184.7785334379632
113.0,5.0,188.69161725955203
113.0,6.0,181.35185615748276
113.0,7.0,162.53911042944785
113.0,8.0,146.90625
113.0,9.0,163.82930214115783
114.0,0.0,178.65568646309208
114.0,1.0,181.83605855663043
114.0,2.0,176.64099081102677
114.0,3.0,177.82875905034518
114.0,4.0,183.8916506213898
114.0,5.0,188.7770443105867
114.0,6.0,182.40075023444825
114.0,7.0,163.02515678951448
114.0,8.0,146.61561129385964
114.0,9.0,163.27018263631552
115.0,0.0,178.63587215773572
115.0,1.0,181.68516934656176
115.0,2.0,176.6366185897436
115.0,3.0,177.5984073763621
115.0,4.0,183.46053902203494
115.0,5.0,189.5225988700565
115.0,6.0,182.93874029335635
115.0,7.0,163.4390001420253
115.0,8.0,147.41376015289057
115.0,9.0,163.0532281585576
116.0,0.0,179.0462763839108
116.0,1.0,181.74291827128798
116.0,2.0,176.99228708289357
116.0,3.0,177.79259694477085
116.0,4.0,183.55818245737387
116.0,5.0,189.86526298268976
116.0,6.0,183.91645649432536
116.0,7.0,165.66092857142857
116.0,8.0,148.66190278928474
116.0,9.0,160.6879637533653
117.0,0.0,179.10019944156363
117.0,1.0,181.40549300580008
117.0,2.0,176.45625819134995
117.0,3.0,177.47779556754023
117.0,4.0,183.42943933344907
117.0,5.0,189.5147718615085
117.0,6.0,184.25794912559618
117.0,7.0,166.87934633935643
117.0,8.0,150.23176054874247
117.0,9.0,159.39604221635884
118.0,0.0,179.24245087074613
118.0,1.0,181.38649839064882
118.0,2.0,175.07276880404635
118.0,3.0,177.4834043976256
118.0,4.0,183.3775624945939
118.0,5.0,189.4176114568238
118.0,6.0,185.03132951653944
118.0,7.0,167.68510914199265
118.0,8.0,151.89130738105203
118.0,9.0,157.04051032487178
119.0,0.0,179.2013492063492
119.0,1.0,181.08082849204345
119.0,2.0,174.91551710064485
119.0,3.0,177.19435658398535
119.0,4.0,184.10921887218697
119.0,5.0,188.67278287461772
119.0,6.0,185.39520718121344
119.0,7.0,167.12037708484408
119.0,8.0,154.23508942863108
119.0,9.0,155.44306784660768
120.0,0.0,179.18568774735482
120.0,1.0,181.99916079221217
120.0,2.0,175.4656538969617
120.0,3.0,177.25400033687046
120.0,4.0,183.9165305596149
120.0,5.0,188.93081545064376
120.0,6.0,186.60155419222903
120.0,7.0,167.6162170066535
120.0,8.0,158.22190462911323
120.0,9.0,154.2012259425257
121.0,0.0,178.48932181284644
121.0,1.0,181.71705652210105
121.0,2.0,175.9605612753238
121.0,3.0,177.092426402751
121.0,4.0,182.28347811129268
121.0,5.0,188.85018500989588
121.0,6.0,186.9987777053455
121.0,7.0,166.64425914994098
121.0,8.0,160.35227114877065
121.0,9.0,153.34467972821426
122.0,0.0,178.1581425556097
122.0,1.0,182.6922494319616
122.0,2.0,177.02717572524173
122.0,3.0,176.17571644042232
122.0,4.0,181.92668898617907
122.0,5.0,188.4303829787234
122.0,6.0,187.0144520604509
122.0,7.0,168.8276117194436
122.0,8.0,162.76080332409973
122.0,9.0,152.91718812408467
123.0,0.0,177.8136555303276
123.0,1.0,182.8558816110317
123.0,2.0,177.1509777925091
123.0,3.0,176.15435001679543
123.0,4.0,181.53313898653863
123.0,5.0,188.33671728373997
123.0,6.0,187.62980411604264
123.0,7.0,170.3751675852823
123.0,8.0,163.01575238358436
123.0,9.0,152.53508655126498
124.0,0.0,177.88236744759556
124.0,1.0,182.99726640159045
124.0,2.0,177.5779524924724
124.0,3.0,176.69089844403547
124.0,4.0,180.79302305500389
124.0,5.0,188.79706934741864
124.0,6.0,188.4612623142428
124.0,7.0,172.404753035834
124.0,8.0,163.22334678246597
124.0,9.0,151.63793911007025
125.0,0.0,178.60588622163763
125.0,1.0,183.57357887655567
125.0,2.0,178.45036887994635
125.0,3.0,176.4500254539284
125.0,4.0,180.06021078092604
125.0,5.0,188.04326551635333
125.0,6.0,188.6553858852662
125.0,7.0,175.23587168340578
125.0,8.0,165.1481633490663
125.0,9.0,150.2608695652174
126.0,0.0,178.90920235371036
126.0,1.0,184.24121445944812
126.0,2.0,179.51110374544248
126.0,3.0,177.42619453924914
126.0,4.0,179.92667065970736
126.0,5.0,187.78035683353542
126.0,6.0,188.96319427096344
126.0,7.0,179.76827794561933
126.0,8.0,166.79304918930012
126.0,9.0,151.4157754010695
127.0,0.0,178.94349775784752
127.0,1.0,184.13972879642887
127.0,2.0,179.44258630681347
127.0,3.0,176.93034400136915
127.0,4.0,179.10473202170962
127.0,5.0,185.97976728030565
127.0,6.0,188.11893726204272
127.0,7.0,182.12280299556778
127.0,8.0,168.93341057797164
127.0,9.0,151.6215678471946
128.0,0.0,178.92557422287152
128.0,1.0,184.3894328156651
128.0,2.0,179.81943532501643
128.0,3.0,177.06380968739265
128.0,4.0,179.1421034717495
128.0,5.0,185.09357443820224
128.0,6.0,187.91574150787076
128.0,7.0,184.09640232108316
128.0,8.0,170.11889552853904
128.0,9.0,151.7169226712374
129.0,0.0,179.0095751528806
129.0,1.0,184.4241120391462
129.0,2.0,180.35842175066313
129.0,3.0,176.76610285323767
129.0,4.0,178.56286661565926
129.0,5.0,183.36303051560856
129.0,6.0,187.9206388613042
129.0,7.0,186.1890674741828
129.0,8.0,170.75502729597125
129.0,9.0,152.26506666666666
130.0,0.0,179.4374193548387
130.0,1.0,184.4414498141264
130.0,2.0,180.943622152004
130.0,3.0,176.74101152589026
130.0,4.0,178.5049906953138
130.0,5.0,182.72456991618878
130.0,6.0,188.0349575397807
130.0,7.0,186.5426320305796
130.0,8.0,170.91417416161192
130.0,9.0,154.04234945040125
131.0,0.0,178.85586090858104
131.0,1.0,183.84087455681242
131.0,2.0,181.5601368833987
131.0,3.0,177.3680174291939
131.0,4.0,178.42657638595006
131.0,5.0,182.61094386399859
131.0,6.0,188.5459125629774
131.0,7.0,186.5682212068694
131.0,8.0,173.30786438308283
131.0,9.0,157.83813461668814
132.0,0.0,179.1266156055529
132.0,1.0,183.45776612835039
132.0,2.0,181.6805590425977
132.0,3.0,177.05585617036132
132.0,4.0,178.44845317373347
132.0,5.0,182.70756227758008
132.0,6.0,188.1660597232338
132.0,7.0,186.4616530740276
132.0,8.0,174.5544616673649
132.0,9.0,159.3518480702471
133.0,0.0,179.41613418530352
133.0,1.0,183.65496093421825
133.0,2.0,181.31736877298562
133.0,3.0,177.55151303131012
133.0,4.0,178.51964436917865
133.0,5.0,183.1266239544403
133.0,6.0,188.77390743428478
133.0,7.0,187.84174871996848
133.0,8.0,175.6263504981058
133.0,9.0,160.8459282498977
134.0,0.0,179.38617628408372
134.0,1.0,184.06971860562788
134.0,2.0,181.5891570303335
134.0,3.0,176.87541268462206
134.0,4.0,179.09661753429327
134.0,5.0,182.45080659457543
134.0,6.0,187.93745980707396
134.0,7.0,187.9729687006007
134.0,8.0,175.2338139666384
134.0,9.0,162.477234172491
135.0,0.0,179.37947702060222
135.0,1.0,183.97067050945157
135.0,2.0,181.66208676825715
135.0,3.0,176.90812445980984
135.0,4.0,178.60208975676602
135.0,5.0,181.7738890373141
135.0,6.0,186.70298230016974
135.0,7.0,187.67898219631323
135.0,8.0,175.52565108811987
135.0,9.0,165.46097361979875
136.0,0.0,178.71398104265404
136.0,1.0,183.7347874055843
136.0,2.0,181.31560461615655
136.0,3.0,177.27104597400333
136.0,4.0,177.77947971932227
136.0,5.0,182.0551438150697
136.0,6.0,185.68409145996606
136.0,7.0,187.19222871584267
136.0,8.0,176.19436842863317
136.0,9.0,166.92942779291553
137.0,0.0,179.14096065652907
137.0,1.0,183.85184559506715
137.0,2.0,181.1483931145595
137.0,3.0,176.33041652082605
137.0,4.0,176.7624375968325
137.0,5.0,181.63716969537353
137.0,6.0,184.64898291293736
137.0,7.0,187.47535545023698
137.0,8.0,175.61110708330312
137.0,9.0,168.0991854336368
138.0,0.0,179.03107890499194
138.0,1.0,183.9990723562152
138.0,2.0,181.4765903307888
138.0,3.0,176.91614825199335
138.0,4.0,175.86915887850466
138.0,5.0,181.09462647444298
138.0,6.0,183.93174692499397
138.0,7.0,188.0549909398881
138.0,8.0,176.0810930249687
138.0,9.0,169.1944936622598
139.0,0.0,179.25230247212798
139.0,1.0,184.39531727180184
139.0,2.0,181.40209671964828
139.0,3.0,176.62948729146652
139.0,4.0,175.82966599456475
139.0,5.0,181.21481352690603
139.0,6.0,183.6310734463277
139.0,7.0,188.18345437322387
139.0,8.0,176.66353607632678
139.0,9.0,170.4879164391043
140.0,0.0,179.5693961684585
140.0,1.0,184.39085044983872
140.0,2.0,181.86323703328264
140.0,3.0,176.60939279768684
140.0,4.0,175.56137422019154
140.0,5.0,180.94817708333332
140.0,6.0,183.56424670735626
140.0,7.0,187.86108265700102
140.0,8.0,178.21968669980419
140.0,9.0,171.45383767396996
141.0,0.0,179.96825779492124
141.0,1.0,184.87474524456522
141.0,2.0,182.67210481825867
141.0,3.0,176.45294324991187
141.0,4.0,175.7002996122665
141.0,5.0,181.78797605621585
141.0,6.0,183.1829483477703
141.0,7.0,187.41576237623764
141.0,8.0,179.78143893591294
141.0,9.0,172.38226320898627
142.0,0.0,179.81719320527068
142.0,1.0,184.46285521544817
142.0,2.0,182.76301509241986
142.0,3.0,176.86947702619278
142.0,4.0,174.6719683655536
142.0,5.0,181.6904638283143
142.0,6.0,182.78019534662113
142.0,7.0,186.06685610545426
142.0,8.0,181.31376286694623
142.0,9.0,173.70200892857142
143.0,0.0,180.30904780719084
143.0,1.0,184.42294087923193
143.0,2.0,182.91476407914763
143.0,3.0,177.19546417225556
143.0,4.0,174.72169396020425
143.0,5.0,182.42096592387063
143.0,6.0,182.6599651733418
143.0,7.0,186.27938160593155
143.0,8.0,183.116232618883
143.0,9.0,176.21889818688982
144.0,0.0,180.64846470402026
144.0,1.0,184.62262565137
144.0,2.0,183.25008434547908
144.0,3.0,176.66654901614754
144.0,4.0,174.88648026897894
144.0,5.0,183.0178262374524
144.0,6.0,183.59330677290836
144.0,7.0,187.06626553717047
144.0,8.0,185.2350625289486
144.0,9.0,177.13091669571278
145.0,0.0,181.18968359896365
145.0,1.0,184.90144271095454
145.0,2.0,183.46218980549966
145.0,3.0,176.99162700511192
145.0,4.0,174.9022403258656
145.0,5.0,182.6846901579587
145.0,6.0,184.2430136551286
145.0,7.0,186.57932011331445
145.0,8.0,185.35859332451568
145.0,9.0,177.78484210526315
146.0,0.0,181.12589759600374
146.0,1.0,184.03468889450198
146.0,2.0,183.52475330322795
146.0,3.0,177.41921858500527
146.0,4.0,174.2372731297034
146.0,5.0,182.18938867662382
146.0,6.0,184.081136543015
146.0,7.0,186.41997489408442
146.0,8.0,186.20451703657392
146.0,9.0,178.46427067246947
147.0,0.0,181.42660944206008
147.0,1.0,184.0325148179509
147.0,2.0,183.85397117962466
147.0,3.0,177.68652369605508
147.0,4.0,173.80839062224572
147.0,5.0,181.66692892735378
147.0,6.0,183.94095358383328
147.0,7.0,185.9837774294671
147.0,8.0,185.95884806042963
147.0,9.0,179.98233513970018
148.0,0.0,180.87925330812854
148.0,1.0,184.10573355817874
148.0,2.0,183.52492913123228
148.0,3.0,178.0669860704463
148.0,4.0,173.67169312169312
148.0,5.0,181.54275741710296
148.0,6.0,183.6986064089442
148.0,7.0,185.3503512880562
148.0,8.0,185.84121860977723
148.0,9.0,179.44575007036306
149.0,0.0,180.26898235664777
149.0,1.0,183.89097175521184
149.0,2.0,183.16223248006713
149.0,3.0,177.8763855635364
149.0,4.0,173.43677550659234
149.0,5.0,181.33966207977704
149.0,6.0,184.94836720170792
149.0,7.0,184.73118614988692
149.0,8.0,186.71519785590414
149.0,9.0,179.90080828133864
150.0,0.0,178.958108636186
150.0,1.0,183.13054063129618
150.0,2.0,182.92808104487608
150.0,3.0,178.49771689497717
150.0,4.0,172.64549054113508
150.0,5.0,180.60711476269557
150.0,6.0,184.4260560600079
150.0,7.0,183.81449860291835
150.0,8.0,186.77913332805196
150.0,9.0,180.87907910779603
151.0,0.0,178.87776465958285
151.0,1.0,183.07501875468867
151.0,2.0,183.25382031905963
151.0,3.0,178.01472556894242
151.0,4.0,172.1989505514052
151.0,5.0,181.23641328283273
151.0,6.0,184.55566905005108
151.0,7.0,183.96628424256613
151.0,8.0,188.0680261271308
151.0,9.0,181.0439884809215
152.0,0.0,177.8480044171005
152.0,1.0,182.36922947792513
152.0,2.0,182.4812179381102
152.0,3.0,177.5839592274678
152.0,4.0,171.88567639257295
152.0,5.0,180.23335407591787
152.0,6.0,183.71315085732263
152.0,7.0,183.94750820184345
152.0,8.0,187.37934034643678
152.0,9.0,181.16693255982597
153.0,0.0,177.61712528581566
153.0,1.0,182.70786704526475
153.0,2.0,182.18190097698294
153.0,3.0,178.13463449896088
153.0,4.0,172.24596988485385
153.0,5.0,179.4105669178328
153.0,6.0,183.04110771161842
153.0,7.0,183.57783497114335
153.0,8.0,187.6280497528305
153.0,9.0,183.30935460478608
154.0,0.0,177.189140056908
154.0,1.0,182.3968267223382
154.0,2.0,181.36639371657753
154.0,3.0,178.45181431544657
154.0,4.0,171.2646641857168
154.0,5.0,178.5701903315164
154.0,6.0,182.99216730633665
154.0,7.0,183.79849694692345
154.0,8.0,186.96374166931133
154.0,9.0,185.03634103539048
155.0,0.0,177.14322896127456
155.0,1.0,182.23457723987224
155.0,2.0,181.08225071705752
155.0,3.0,178.55831757182744
155.0,4.0,171.31052865393158
155.0,5.0,177.50366988900822
155.0,6.0,183.2640958914912
155.0,7.0,183.3025649021595
155.0,8.0,186.6229652090648
155.0,9.0,185.55969986158667
156.0,0.0,177.16321059686194
156.0,1.0,182.16079387772265
156.0,2.0,181.26257596218773
156.0,3.0,178.38792248760703
156.0,4.0,171.13522596621561
156.0,5.0,176.37322243090958
156.0,6.0,183.16070297656745
156.0,7.0,182.1156489145713
156.0,8.0,186.1135429835651
156.0,9.0,185.81948986265533
157.0,0.0,177.1068534109686
157.0,1.0,182.38356395545057
157.0,2.0,181.46553480475382
157.0,3.0,178.09502344031733
157.0,4.0,170.85871575794945
157.0,5.0,175.4459423025074
157.0,6.0,183.52427800698192
157.0,7.0,182.59898674980514
157.0,8.0,186.15519409083765
157.0,9.0,186.25069252077563
158.0,0.0,177.53696893826773
158.0,1.0,182.41954758856167
158.0,2.0,181.58692171568214
158.0,3.0,178.15253468758502
158.0,4.0,171.39366153298317
158.0,5.0,174.93103448275863
158.0,6.0,182.90939122227465
158.0,7.0,181.94726638231873
158.0,8.0,185.96511627906978
158.0,9.0,187.2717208006452
159.0,0.0,177.727287116176
159.0,1.0,182.58877551020407
159.0,2.0,181.5678656260604
159.0,3.0,177.98064049212954
159.0,4.0,172.21687283082673
159.0,5.0,174.35192290532703
159.0,6.0,182.14318688315822
159.0,7.0,181.0311995696611
159.0,8.0,185.65027322404373
159.0,9.0,187.62544973933475
160.0,0.0,177.64503217705226
160.0,1.0,183.20785416134254
160.0,2.0,181.2791627669531
160.0,3.0,178.16177939173855
160.0,4.0,171.9312159871532
160.0,5.0,174.31197000803357
160.0,6.0,181.4672711365625
160.0,7.0,180.05983302411875
160.0,8.0,185.03043176025335
160.0,9.0,187.4557968347442
161.0,0.0,178.70021228083968
161.0,1.0,183.55582687773662
161.0,2.0,181.33110918544193
161.0,3.0,178.05696431805833
161.0,4.0,172.38803708325904
161.0,5.0,173.53544078361531
161.0,6.0,180.67491419905818
161.0,7.0,179.29388360118583
161.0,8.0,183.33423367803672
161.0,9.0,187.2374281079487
162.0,0.0,180.90336865411987
162.0,1.0,183.7585304054054
162.0,2.0,181.65721245867408
162.0,3.0,178.00445981614635
162.0,4.0,171.86334962239005
162.0,5.0,173.79522456950116
162.0,6.0,180.22541699761715
162.0,7.0,179.27911915060952
162.0,8.0,182.30901877002898
162.0,9.0,186.83788787676812
163.0,0.0,181.84725745085606
163.0,1.0,183.22070592199478
163.0,2.0,181.95407849679515
163.0,3.0,178.24263636363636
163.0,4.0,171.95227415448102
163.0,5.0,173.4455700702035
163.0,6.0,179.26569818210686
163.0,7.0,178.78590182194287
163.0,8.0,180.8400180261379
163.0,9.0,185.32100790219175
164.0,0.0,182.46355661881978
164.0,1.0,183.43280565847087
164.0,2.0,181.96191465420236
164.0,3.0,178.08895593344303
164.0,4.0,171.66807023830856
164.0,5.0,173.69243878374743
164.0,6.0,179.1335082697201
164.0,7.0,178.9691477364266
164.0,8.0,180.47885117493473
164.0,9.0,184.80277819046205
165.0,0.0,182.60427165826735
165.0,1.0,183.93917891535733
165.0,2.0,181.9564916529712
165.0,3.0,178.5766014153111
165.0,4.0,172.0299982037004
165.0,5.0,173.81219095567744
165.0,6.0,178.6124283895608
165.0,7.0,178.51357411708176
165.0,8.0,179.57157691737132
165.0,9.0,183.34924399644234
166.0,0.0,183.17287571337982
166.0,1.0,184.73613473970738
166.0,2.0,182.21998791749374
166.0,3.0,179.33908470197454
166.0,4.0,172.0888072407922
166.0,5.0,173.82306931583207
166.0,6.0,178.5510318349064
166.0,7.0,178.58245840736552
166.0,8.0,178.25664377426097
166.0,9.0,181.57529332635826
167.0,0.0,183.3085123183828
167.0,1.0,184.90288511076764
167.0,2.0,182.73119944932026
167.0,3.0,179.63148148148147
167.0,4.0,172.96730613347745
167.0,5.0,173.96361185983827
167.0,6.0,177.94729675610733
167.0,7.0,178.54521963824288
167.0,8.0,177.61272835288875
167.0,9.0,180.19833605704946
168.0,0.0,183.24213189941483
168.0,1.0,185.16427831491714
168.0,2.0,183.21645095367847
168.0,3.0,179.5310286992173
168.0,4.0,173.00449074905694
168.0,5.0,174.45046593684972
168.0,6.0,177.64712025062255
168.0,7.0,178.08091924259588
168.0,8.0,176.00209142515686
168.0,9.0,179.17233442233442
169.0,0.0,183.50234667090925
169.0,1.0,185.62066869300912
169.0,2.0,183.34455782312926
169.0,3.0,179.63427445830598
169.0,4.0,172.2468325995148
169.0,5.0,173.78048780487805
169.0,6.0,177.60862940091425
169.0,7.0,178.1003857900659
169.0,8.0,175.409753151657
169.0,9.0,178.68424990647213
170.0,0.0,183.25637337169343
170.0,1.0,185.7191422594142
170.0,2.0,183.56094684525314
170.0,3.0,179.37553221686062
170.0,4.0,172.2093358565378
170.0,5.0,174.018902383344
170.0,6.0,177.90588235294118
170.0,7.0,177.99079234310636
170.0,8.0,176.2169896349707
170.0,9.0,178.072558484961
171.0,0.0,183.35427518230628
171.0,1.0,186.41472596743128
171.0,2.0,184.0797322487714
171.0,3.0,179.57623762376238
171.0,4.0,172.11872063606793
171.0,5.0,172.87795456635703
171.0,6.0,178.05787499002156
171.0,7.0,177.9554626577699
171.0,8.0,177.32846441947567
171.0,9.0,177.74278350515465
172.0,0.0,182.72780542623215
172.0,1.0,186.10903045152259
172.0,2.0,183.4705135798291
172.0,3.0,180.16385954895804
172.0,4.0,172.0872113997114
172.0,5.0,171.36144688644688
172.0,6.0,177.2384658143413
172.0,7.0,177.60340945641684
172.0,8.0,178.03018471241927
172.0,9.0,177.27341734836762
173.0,0.0,182.81381988834048
173.0,1.0,185.88558951965067
173.0,2.0,183.62077417173765
173.0,3.0,180.75583028940713
173.0,4.0,171.5059438040346
173.0,5.0,171.03678837487354
173.0,6.0,176.6462226481393
173.0,7.0,177.99444533891483
173.0,8.0,178.10757780784846
173.0,9.0,176.6761157575309
174.0,0.0,183.09586251832545
174.0,1.0,186.17100891764295
174.0,2.0,183.55475074563273
174.0,3.0,181.0723511793336
174.0,4.0,170.86412994705196
174.0,5.0,170.66214836134063
174.0,6.0,176.24462451861362
174.0,7.0,177.5680724823605
174.0,8.0,177.86722778283288
174.0,9.0,176.39147030756808
175.0,0.0,182.41734461438332
175.0,1.0,185.8282122905028
175.0,2.0,183.73516752468564
175.0,3.0,181.55870521096455
175.0,4.0,171.4566900774356
175.0,5.0,171.06158276054245
175.0,6.0,176.11524794055887
175.0,7.0,177.55618925214876
175.0,8.0,177.2920051628578
175.0,9.0,176.74802975620534
176.0,0.0,181.65578903996703
176.0,1.0,185.02764896316387
176.0,2.0,183.33018707482992
176.0,3.0,181.90611251521108
176.0,4.0,171.86540891857737
176.0,5.0,170.67685468185607
176.0,6.0,175.75823462599382
176.0,7.0,176.69483756834995
176.0,8.0,176.880550486618
176.0,9.0,175.52090270070292
177.0,0.0,181.10180976778778
177.0,1.0,185.06708927628102
177.0,2.0,183.7709153122327
177.0,3.0,182.38991943039161
177.0,4.0,172.06946064794042
177.0,5.0,170.2178854215184
177.0,6.0,175.34809084924294
177.0,7.0,176.57993954820236
177.0,8.0,176.9347379630334
177.0,9.0,175.64490552056319
178.0,0.0,180.61450632495482
178.0,1.0,184.63761711154322
178.0,2.0,183.64766031195842
178.0,3.0,182.7238586156112
178.0,4.0,172.9383715699505
178.0,5.0,168.69510385756678
178.0,6.0,175.966345758249
178.0,7.0,176.59615850213865
178.0,8.0,176.7779968155281
178.0,9.0,174.88990481900623
179.0,0.0,179.46219674310402
179.0,1.0,184.8285360021256
179.0,2.0,183.50559264718635
179.0,3.0,182.6301139547917
179.0,4.0,174.2707548861395
179.0,5.0,168.9557867360208
179.0,6.0,175.29999168537458
179.0,7.0,176.52745397539996
179.0,8.0,176.39337363225954
179.0,9.0,174.12231775700934
180.0,0.0,178.99528106631342
180.0,1.0,185.1117771509168
180.0,2.0,183.44671774333972
180.0,3.0,183.03224285848967
180.0,4.0,176.27541770351937
180.0,5.0,169.2176531476428
180.0,6.0,175.5411912751678
180.0,7.0,176.86654376402694
180.0,8.0,176.03054134534625
180.0,9.0,173.12689138576778
181.0,0.0,178.5656288916563
181.0,1.0,185.14123305640578
181.0,2.0,183.78333186658452
181.0,3.0,182.19815195071868
181.0,4.0,175.9510477039679
181.0,5.0,168.63836031430463
181.0,6.0,174.29144185274342
181.0,7.0,176.80606743381347
181.0,8.0,175.58477641807127
181.0,9.0,172.61163522012578
182.0,0.0,177.91239903405778
182.0,1.0,184.73503151260505
182.0,2.0,183.3569840846448
182.0,3.0,181.65032437442076
182.0,4.0,176.59453875864546
182.0,5.0,169.2224723316451
182.0,6.0,173.31122278056952
182.0,7.0,176.54089857154258
182.0,8.0,175.11746570063204
182.0,9.0,172.4005972377753
183.0,0.0,178.0988526770868
183.0,1.0,184.66576913054809
183.0,2.0,182.91625397948354
183.0,3.0,181.7519911094647
183.0,4.0,177.06367479089846
183.0,5.0,170.52172678216417
183.0,6.0,173.55455002513827
183.0,7.0,176.8205395021212
183.0,8.0,175.75524475524475
183.0,9.0,172.7999698409108
184.0,0.0,178.8606176324091
184.0,1.0,184.35270435848065
184.0,2.0,182.4848592172835
184.0,3.0,181.97873324086916
184.0,4.0,177.101309255079
184.0,5.0,169.9815864022663
184.0,6.0,173.80549718416407
184.0,7.0,176.68073836276085
184.0,8.0,177.23741719332978
184.0,9.0,173.3405237662731
185.0,0.0,178.72490210780637
185.0,1.0,184.47968417317247
185.0,2.0,181.47401560837176
185.0,3.0,182.1135531135531
185.0,4.0,177.35658207047655
185.0,5.0,170.0258513784222
185.0,6.0,174.669353455668
185.0,7.0,176.51837430031637
185.0,8.0,177.74916742355435
185.0,9.0,174.88777644949192
